current_time,weather,temp,humidity
25-07-&d 04:30:56,Clouds,26.02,75
25-07-15 04:45:01,Clouds,23.97,73
25-07-15 04:45:13,Clouds,23.97,73
25-07-15 04:56:43,Clouds,23.97,73
25-07-15 05:18:52,Rain,23.97,73
25-07-15 05:43:28,Clouds,25.41,67
25-07-15 05:54:55,Clouds,25.41,67
25-07-15 06:14:54,Clouds,25.41,67
25-07-15 06:47:58,Clouds,24.74,72
25-07-15 07:00:52,Clouds,24.74,72
25-07-15 07:25:19,Clouds,24.74,72
25-07-15 07:40:53,Clouds,24.79,67
25-07-15 07:50:18,Clouds,24.79,67
25-07-15 07:56:29,Clouds,24.79,67
25-07-15 08:18:39,Clouds,24.79,67
25-07-15 08:45:57,Clouds,25.34,62
25-07-15 09:14:02,Clouds,26.76,74
25-07-15 09:41:51,Clouds,26.76,69
25-07-15 09:54:22,Clouds,26.76,69
25-07-15 10:00:29,Clouds,26.76,69
25-07-15 10:25:22,Clouds,24.78,78
25-07-15 10:44:57,Clear,24.76,78
25-07-15 10:55:56,Clear,24.76,78
25-07-15 11:11:03,Clouds,24.78,78
25-07-15 11:28:33,Clouds,23.76,88
25-07-15 11:39:21,Clouds,23.76,88
25-07-15 11:46:58,Clouds,23.76,88
25-07-15 11:53:18,Clouds,23.76,88
25-07-15 11:59:04,Clouds,23.76,88
25-07-15 12:40:43,Rain,23.76,94
25-07-15 13:22:54,Clouds,23.76,94
25-07-15 13:51:15,Clouds,23.76,94
25-07-15 14:00:53,Clouds,23.76,94
25-07-15 14:22:08,Clouds,23.76,94
25-07-15 14:42:01,Clouds,23.76,94
25-07-15 14:53:44,Clouds,23.76,94
25-07-15 14:59:46,Clouds,23.76,94
25-07-15 15:21:42,Clouds,23.76,100
25-07-15 15:39:39,Clouds,23.76,100
25-07-15 15:50:58,Clouds,23.76,100
25-07-15 15:58:15,Clouds,23.76,100
25-07-15 16:22:20,Clouds,23.78,88
25-07-15 16:47:25,Clouds,22.76,100
25-07-15 16:59:05,Clouds,22.76,100
25-07-15 17:17:45,Clouds,22.76,100
25-07-15 17:37:37,Clouds,23.76,100
25-07-15 17:49:01,Clouds,23.76,100
25-07-15 17:55:04,Clouds,23.76,100
25-07-15 18:14:36,Clouds,23.76,100
25-07-15 18:46:54,Clouds,23.76,100
25-07-15 19:00:12,Clouds,23.76,100
25-07-15 19:18:45,Clouds,22.79,94
25-07-15 19:31:46,Clouds,23.76,100
25-07-15 19:42:03,Rain,23.76,100
25-07-15 19:49:14,Rain,23.76,100
25-07-15 19:55:23,Rain,23.76,100
25-07-15 20:12:18,Clouds,23.78,88
25-07-15 20:34:36,Rain,23.76,100
25-07-15 20:48:11,Rain,23.76,100
25-07-15 20:56:38,Clouds,23.76,100
25-07-15 21:12:29,Mist,22.76,100
25-07-15 21:30:40,Mist,22.76,100
25-07-15 21:42:35,Mist,22.76,100
25-07-15 21:50:05,Mist,22.76,100
25-07-15 21:55:58,Mist,22.76,100
25-07-15 22:12:08,Mist,22.76,100
25-07-15 22:35:27,Mist,23.76,100
25-07-15 22:48:54,Mist,23.76,100
25-07-15 22:55:38,Mist,23.76,100
25-07-15 23:10:07,Mist,23.76,100
25-07-15 23:28:55,Clouds,22.76,100
25-07-15 23:41:00,Clouds,22.76,100
25-07-15 23:51:01,Clouds,22.76,100
25-07-15 23:57:07,Clouds,22.76,100
25-07-16 01:13:20,Clouds,24.84,87
25-07-16 03:04:37,Rain,22.76,100
25-07-16 04:02:06,Rain,23.76,94
25-07-16 04:42:45,Rain,23.76,88
25-07-16 05:03:11,Rain,23.76,88
25-07-16 05:33:53,Rain,22.76,100
25-07-16 05:51:37,Rain,22.76,100
25-07-16 05:58:16,Rain,22.76,100
25-07-16 06:26:28,Rain,22.76,100
25-07-16 06:52:31,Rain,22.76,100
25-07-16 07:11:09,Rain,22.57,95
25-07-16 07:32:43,Rain,21.76,100
25-07-16 07:45:15,Rain,21.76,100
25-07-16 07:52:46,Rain,21.76,100
25-07-16 07:58:51,Rain,21.76,100
25-07-16 08:26:35,Rain,22.76,100
25-07-16 08:49:13,Rain,22.76,100
25-07-16 09:02:28,Rain,22.76,100
25-07-16 09:33:41,Rain,21.76,100
25-07-16 09:49:57,Rain,21.76,100
25-07-16 09:57:40,Rain,21.76,100
25-07-16 10:17:27,Rain,21.76,100
25-07-16 10:43:13,Rain,21.76,100
25-07-16 10:54:46,Rain,21.76,100
25-07-16 11:08:15,Rain,21.76,100
25-07-16 11:27:36,Rain,21.76,100
25-07-16 11:38:51,Rain,21.76,100
25-07-16 11:46:54,Rain,21.76,100
25-07-16 11:53:01,Rain,21.76,100
25-07-16 11:58:51,Rain,21.76,100
25-07-16 12:40:18,Rain,21.76,100
25-07-16 13:23:21,Rain,22.76,100
25-07-16 13:51:38,Rain,22.76,100
25-07-16 14:00:57,Rain,22.76,100
25-07-16 14:23:11,Rain,22.88,97
25-07-16 14:42:45,Rain,22.76,100
25-07-16 14:54:36,Rain,22.76,100
25-07-16 15:09:24,Mist,22.76,100
25-07-16 15:34:04,Rain,22.76,100
25-07-16 15:47:54,Rain,22.76,100
25-07-16 15:57:06,Rain,22.76,100
25-07-16 16:18:59,Thunderstorm,21.78,100
25-07-16 16:46:29,Rain,22.76,100
25-07-16 17:00:18,Rain,22.76,100
25-07-16 17:22:25,Rain,22.76,100
25-07-16 17:42:14,Rain,22.76,100
25-07-16 17:52:49,Rain,22.76,100
25-07-16 17:59:03,Rain,22.76,100
25-07-16 18:28:14,Rain,22.76,100
25-07-16 18:52:42,Rain,22.76,100
25-07-16 19:07:57,Rain,22.76,100
25-07-16 19:26:08,Thunderstorm,22.76,100
25-07-16 19:36:02,Thunderstorm,22.76,100
25-07-16 19:44:16,Thunderstorm,22.76,100
25-07-16 19:50:32,Mist,22.76,100
25-07-16 19:56:37,Thunderstorm,22.76,100
25-07-16 20:14:55,Thunderstorm,22.76,100
25-07-16 20:35:53,Thunderstorm,22.76,100
25-07-16 20:49:10,Thunderstorm,22.76,100
25-07-16 20:57:03,Thunderstorm,22.76,100
25-07-16 21:14:23,Thunderstorm,22.76,100
25-07-16 21:32:05,Thunderstorm,22.76,100
25-07-16 21:43:55,Mist,22.76,100
25-07-16 21:52:42,Thunderstorm,22.76,100
25-07-16 21:58:43,Mist,22.76,100
25-07-16 22:17:58,Rain,22.76,100
25-07-16 22:41:07,Rain,22.76,100
25-07-16 22:52:38,Rain,22.76,100
25-07-16 22:58:28,Thunderstorm,22.76,100
25-07-16 23:17:25,Rain,21.76,100
25-07-16 23:33:54,Thunderstorm,21.76,100
25-07-16 23:45:26,Rain,22.76,100
25-07-16 23:52:46,Rain,22.76,100
25-07-16 23:58:54,Rain,22.76,100
25-07-17 01:41:11,Thunderstorm,22.76,100
25-07-17 03:18:28,Clouds,24.47,96
25-07-17 04:07:09,Rain,24.76,94
25-07-17 04:47:48,Thunderstorm,24.76,100
25-07-17 05:03:45,Rain,24.76,100
25-07-17 05:33:07,Thunderstorm,25.76,94
25-07-17 05:50:42,Rain,25.76,94
25-07-17 05:57:33,Thunderstorm,25.76,94
25-07-17 06:23:52,Mist,22.78,100
25-07-17 06:50:47,Mist,24.76,100
25-07-17 07:02:14,Mist,24.76,100
25-07-17 07:28:22,Clouds,24.76,100
25-07-17 07:42:11,Clouds,24.76,100
25-07-17 07:50:28,Clouds,24.76,100
25-07-17 07:56:14,Clouds,24.76,100
25-07-17 08:17:56,Clouds,24.78,96
25-07-17 08:45:24,Clouds,23.76,100
25-07-17 08:59:46,Clouds,23.76,100
25-07-17 09:25:53,Clouds,24.83,97
25-07-17 09:43:30,Clouds,23.76,100
25-07-17 09:53:55,Clouds,23.76,100
25-07-17 09:59:56,Clouds,23.76,100
25-07-17 10:24:46,Clouds,23.76,100
25-07-17 10:45:06,Rain,23.76,100
25-07-17 10:55:43,Rain,23.76,100
25-07-17 11:10:41,Rain,23.76,100
25-07-17 11:28:55,Rain,23.76,100
25-07-17 11:40:36,Clouds,23.76,100
25-07-17 11:48:38,Clouds,23.76,100
25-07-17 11:54:55,Rain,23.76,100
25-07-17 12:18:22,Rain,24.13,98
25-07-17 13:05:28,Rain,22.76,100
25-07-17 13:45:32,Rain,22.76,100
25-07-17 13:57:57,Clouds,22.76,100
25-07-17 14:15:33,Clouds,22.76,100
25-07-17 14:38:52,Clouds,22.76,100
25-07-17 14:52:19,Rain,22.76,100
25-07-17 14:58:25,Rain,22.76,100
25-07-17 15:19:38,Rain,23.8,99
25-07-17 15:40:28,Rain,22.76,100
25-07-17 15:52:26,Clouds,22.76,100
25-07-17 15:58:13,Clouds,22.76,100
25-07-17 16:22:20,Clouds,23.49,98
25-07-17 16:47:29,Clouds,22.76,100
25-07-17 16:59:50,Clouds,22.76,100
25-07-17 17:19:50,Clouds,22.78,100
25-07-17 17:39:33,Clouds,22.76,100
25-07-17 17:50:18,Clouds,22.76,100
25-07-17 17:56:43,Clouds,22.76,100
25-07-17 18:19:29,Clouds,23.25,99
25-07-17 18:48:31,Clouds,22.76,100
25-07-17 19:00:42,Clouds,22.76,100
25-07-17 19:19:56,Clouds,22.76,100
25-07-17 19:31:49,Clouds,22.76,100
25-07-17 19:42:17,Clouds,22.76,100
25-07-17 19:48:27,Clouds,22.76,100
25-07-17 19:54:40,Clouds,22.76,100
25-07-17 20:09:43,Clouds,22.76,100
25-07-17 20:33:25,Mist,22.76,100
25-07-17 20:47:08,Mist,22.76,100
25-07-17 20:56:04,Mist,22.76,100
25-07-17 21:11:39,Mist,22.76,100
25-07-17 21:30:31,Clouds,22.76,100
25-07-17 21:42:31,Clouds,22.76,100
25-07-17 21:50:05,Clouds,22.76,100
25-07-17 21:56:17,Clouds,22.76,100
25-07-17 22:12:39,Clouds,22.57,100
25-07-17 22:35:22,Clouds,22.76,100
25-07-17 22:49:17,Clouds,22.76,100
25-07-17 22:55:51,Clouds,22.76,100
25-07-17 23:12:23,Mist,22.78,100
25-07-17 23:31:06,Rain,22.76,100
25-07-17 23:43:36,Rain,22.76,100
25-07-17 23:51:31,Rain,22.76,100
25-07-17 23:57:42,Rain,22.76,100
25-07-18 01:19:18,Clouds,23.42,99
25-07-18 03:10:40,Clouds,23.76,100
25-07-18 04:05:56,Clouds,24.76,94
25-07-18 04:47:55,Clouds,24.76,100
25-07-18 05:14:07,Clouds,24.76,100
25-07-18 05:43:24,Rain,26.76,89
25-07-18 05:55:22,Clouds,26.76,89
25-07-18 06:16:17,Clouds,25.59,86
25-07-18 06:50:03,Clouds,26.76,94
25-07-18 07:02:37,Clouds,26.76,94
25-07-18 07:29:23,Clouds,26.76,94
25-07-18 07:44:45,Clouds,26.76,94
25-07-18 07:53:49,Clouds,26.76,94
25-07-18 08:00:00,Clouds,26.76,94
25-07-18 08:29:53,Clouds,27.76,89
25-07-18 08:52:30,Clouds,27.76,89
25-07-18 09:12:57,Clouds,25.86,86
25-07-18 09:36:29,Clouds,28.76,79
25-07-18 09:51:35,Clouds,28.76,79
25-07-18 09:57:40,Clouds,28.76,79
25-07-18 10:17:51,Clouds,25.19,85
25-07-18 10:43:50,Clouds,24.76,100
25-07-18 10:55:37,Clouds,24.76,100
25-07-18 11:09:46,Clouds,24.76,100
25-07-18 11:27:48,Clouds,24.76,100
25-07-18 11:39:30,Clouds,24.76,100
25-07-18 11:49:02,Clouds,24.76,100
25-07-18 11:55:12,Clouds,24.76,100
25-07-18 12:20:04,Clouds,23.91,95
25-07-18 13:06:43,Rain,24.76,100
25-07-18 13:46:58,Clouds,23.76,100
25-07-18 13:59:05,Clouds,23.76,100
25-07-18 14:19:24,Clouds,24.17,98
25-07-18 14:41:21,Clouds,23.76,100
25-07-18 14:54:18,Clouds,23.76,100
25-07-18 15:00:14,Clouds,23.76,100
25-07-18 15:23:54,Clouds,24.76,100
25-07-18 15:40:36,Clouds,24.76,100
25-07-18 15:53:28,Clouds,24.76,100
25-07-18 16:11:37,Rain,24.76,100
25-07-18 16:42:46,Rain,23.76,100
25-07-18 16:59:04,Thunderstorm,23.76,100
25-07-18 17:19:34,Rain,23.62,98
25-07-18 17:40:31,Thunderstorm,23.76,100
25-07-18 17:53:29,Thunderstorm,23.76,100
25-07-18 17:59:36,Rain,23.76,100
25-07-18 18:29:34,Thunderstorm,20.76,100
25-07-18 18:52:19,Thunderstorm,20.76,100
25-07-18 19:01:18,Rain,20.76,100
25-07-18 19:20:03,Rain,20.76,100
25-07-18 19:30:45,Rain,20.76,100
25-07-18 19:40:31,Rain,20.76,100
25-07-18 19:47:30,Rain,20.76,100
25-07-18 19:53:59,Rain,20.76,100
25-07-18 19:59:52,Rain,20.76,100
25-07-18 20:23:49,Rain,22.77,97
25-07-18 20:40:19,Rain,21.76,100
25-07-18 20:51:20,Rain,21.76,100
25-07-18 20:57:25,Rain,21.76,100
25-07-18 21:14:53,Rain,21.76,100
25-07-18 21:31:52,Rain,21.76,100
25-07-18 21:43:34,Clouds,21.76,100
25-07-18 21:50:24,Clouds,21.76,100
25-07-18 21:56:46,Clouds,21.76,100
25-07-18 22:13:52,Clouds,21.76,100
25-07-18 22:35:38,Clouds,21.76,100
25-07-18 22:49:59,Mist,21.76,100
25-07-18 22:56:34,Mist,21.76,100
25-07-18 23:13:08,Rain,21.76,100
25-07-18 23:30:54,Rain,21.76,100
25-07-18 23:42:39,Mist,21.76,100
25-07-18 23:50:26,Mist,21.76,100
25-07-18 23:56:19,Mist,21.76,100
25-07-19 01:02:30,Rain,22.76,100
25-07-19 02:53:59,Rain,24.76,94
25-07-19 03:45:19,Clouds,23.76,100
25-07-19 04:18:05,Rain,25.79,96
25-07-19 04:46:13,Mist,24.76,100
25-07-19 05:00:36,Mist,24.76,100
25-07-19 05:23:50,Clouds,25.76,100
25-07-19 05:42:05,Clouds,25.76,100
25-07-19 05:51:41,Clouds,25.76,100
25-07-19 05:57:47,Clouds,25.76,100
25-07-19 06:22:43,Clouds,25.76,100
25-07-19 06:47:24,Rain,25.76,100
25-07-19 06:58:24,Rain,25.76,100
25-07-19 07:16:12,Clouds,27.18,93
25-07-19 07:31:07,Clouds,26.76,100
25-07-19 07:41:10,Clouds,26.76,100
25-07-19 07:47:27,Clouds,26.76,100
25-07-19 07:53:36,Clouds,26.76,100
25-07-19 07:59:36,Clouds,26.76,100
25-07-19 08:26:21,Clouds,25.76,100
25-07-19 08:45:14,Clouds,25.76,100
25-07-19 08:56:22,Clouds,25.76,100
25-07-19 09:12:18,Rain,26.91,90
25-07-19 09:31:39,Clouds,25.76,100
25-07-19 09:43:02,Rain,25.76,100
25-07-19 09:50:07,Rain,25.76,100
25-07-19 09:56:12,Clouds,25.76,100
25-07-19 10:12:18,Clouds,25.76,100
25-07-19 10:36:45,Clouds,24.76,100
25-07-19 10:49:53,Clouds,24.76,100
25-07-19 10:56:16,Clouds,24.76,100
25-07-19 11:10:38,Clouds,24.76,100
25-07-19 11:26:07,Clouds,24.76,100
25-07-19 11:35:45,Rain,24.76,100
25-07-19 11:43:45,Rain,24.76,100
25-07-19 11:49:31,Rain,24.76,100
25-07-19 11:55:27,Clouds,24.76,100
25-07-19 12:18:45,Rain,24.78,100
25-07-19 13:00:19,Rain,24.76,100
25-07-19 13:30:49,Rain,24.76,100
25-07-19 13:47:46,Clouds,24.76,100
25-07-19 13:56:00,Clouds,24.76,100
25-07-19 14:09:57,Clouds,24.76,100
25-07-19 14:31:11,Rain,24.76,100
25-07-19 14:44:17,Clouds,24.76,100
25-07-19 14:51:17,Clouds,24.76,100
25-07-19 14:57:18,Rain,24.76,100
25-07-19 15:14:26,Rain,24.76,100
25-07-19 15:32:31,Rain,24.76,100
25-07-19 15:44:25,Rain,24.76,100
25-07-19 15:53:29,Rain,24.76,100
25-07-19 15:59:40,Rain,24.76,100
25-07-19 16:24:21,Rain,24.76,100
25-07-19 16:45:43,Rain,24.76,100
25-07-19 16:56:52,Rain,24.76,100
25-07-19 17:13:07,Rain,24.76,100
25-07-19 17:33:46,Rain,25.76,100
25-07-19 17:46:18,Rain,25.76,100
25-07-19 17:52:32,Rain,25.76,100
25-07-19 17:58:31,Rain,25.76,100
25-07-19 18:24:09,Rain,25.76,100
25-07-19 18:46:12,Rain,25.76,100
25-07-19 18:57:44,Rain,25.76,100
25-07-19 19:11:52,Rain,25.76,100
25-07-19 19:25:06,Rain,25.76,100
25-07-19 19:32:24,Rain,24.76,100
25-07-19 19:40:39,Rain,24.76,100
25-07-19 19:47:00,Rain,24.76,100
25-07-19 19:53:26,Rain,24.76,100
25-07-19 19:59:34,Rain,24.76,100
25-07-19 20:21:40,Rain,24.23,98
25-07-19 20:38:55,Rain,25.76,100
25-07-19 20:50:45,Mist,25.76,100
25-07-19 20:57:25,Mist,25.76,100
25-07-19 21:13:25,Mist,25.76,100
25-07-19 21:30:09,Clouds,24.76,100
25-07-19 21:40:56,Clouds,24.76,100
25-07-19 21:48:06,Clouds,24.76,100
25-07-19 21:54:25,Clouds,24.76,100
25-07-19 22:00:47,Clouds,24.76,100
25-07-19 22:22:09,Clouds,24.37,97
25-07-19 22:40:22,Clouds,24.76,100
25-07-19 22:50:59,Clouds,24.76,100
25-07-19 22:57:02,Clouds,24.76,100
25-07-19 23:15:03,Rain,25.5,95
25-07-19 23:34:22,Rain,25.76,100
25-07-19 23:47:12,Clouds,25.76,100
25-07-19 23:54:58,Clouds,25.76,100
25-07-20 00:56:07,Clouds,26.76,100
25-07-20 03:01:11,Clouds,29.76,79
25-07-20 04:07:10,Clouds,29.76,79
25-07-20 04:49:56,Clouds,30.76,74
25-07-20 05:13:47,Clouds,30.4,66
25-07-20 05:40:43,Clouds,30.76,66
25-07-20 05:52:36,Clouds,30.76,66
25-07-20 05:58:40,Clouds,30.76,66
25-07-20 06:26:02,Clouds,30.76,70
25-07-20 06:48:21,Clouds,30.76,70
25-07-20 06:58:48,Clouds,30.76,70
25-07-20 07:16:48,Clear,30.89,65
25-07-20 07:31:16,Clouds,31.76,66
25-07-20 07:41:16,Clouds,31.76,66
25-07-20 07:48:32,Clouds,31.76,66
25-07-20 07:54:51,Clouds,31.76,66
25-07-20 08:11:51,Clear,30.93,65
25-07-20 08:36:39,Clouds,29.76,74
25-07-20 08:52:18,Clouds,29.76,74
25-07-20 08:59:27,Clouds,29.76,74
25-07-20 09:19:51,Clouds,30.76,66
25-07-20 09:35:21,Clouds,30.76,66
25-07-20 09:46:10,Clouds,30.76,66
25-07-20 09:52:27,Clouds,30.76,66
25-07-20 09:58:40,Clouds,30.76,66
25-07-20 10:18:34,Clouds,29,77
25-07-20 10:41:44,Clouds,29.76,74
25-07-20 10:52:41,Clouds,29.76,74
25-07-20 10:58:35,Clouds,29.76,74
25-07-20 11:14:51,Clouds,28.39,79
25-07-20 11:28:13,Clouds,27.76,89
25-07-20 11:37:37,Clouds,27.76,89
25-07-20 11:44:29,Clouds,27.76,89
25-07-20 11:50:36,Clouds,27.76,89
25-07-20 11:56:43,Clouds,27.76,89
25-07-20 12:25:44,Clouds,26.76,100
25-07-20 13:04:26,Clouds,26.76,100
25-07-20 13:37:18,Clouds,26.76,100
25-07-20 13:50:28,Clouds,26.76,100
25-07-20 13:56:55,Clouds,26.76,100
25-07-20 14:12:34,Clouds,26.46,91
25-07-20 14:32:48,Clouds,25.76,100
25-07-20 14:45:37,Clouds,25.76,100
25-07-20 14:52:25,Clouds,25.76,100
25-07-20 14:58:36,Clouds,25.76,100
25-07-20 15:17:31,Clouds,26.27,94
25-07-20 15:33:48,Clouds,25.76,100
25-07-20 15:44:44,Clouds,25.76,100
25-07-20 15:52:13,Clouds,25.76,100
25-07-20 15:58:34,Clouds,25.76,100
25-07-20 16:20:46,Clouds,24.76,100
25-07-20 16:43:15,Clouds,24.76,100
25-07-20 16:55:11,Clouds,24.76,100
25-07-20 17:08:20,Clouds,24.76,100
25-07-20 17:29:12,Clouds,24.76,100
25-07-20 17:41:58,Clouds,24.76,100
25-07-20 17:50:58,Clouds,24.76,100
25-07-20 17:56:38,Clouds,24.76,100
25-07-20 18:17:31,Clouds,25.68,92
25-07-20 18:44:41,Clear,23.76,100
25-07-20 18:56:23,Clear,23.76,100
25-07-20 19:09:19,Clear,23.76,100
25-07-20 19:23:58,Clear,23.76,100
25-07-20 19:30:41,Clear,23.76,100
25-07-20 19:39:08,Clear,23.76,100
25-07-20 19:44:56,Clear,23.76,100
25-07-20 19:50:51,Clear,23.76,100
25-07-20 19:57:01,Clear,23.76,100
25-07-20 20:15:29,Clouds,25.4,96
25-07-20 20:34:21,Clouds,24.76,100
25-07-20 20:46:25,Clouds,24.76,100
25-07-20 20:53:55,Clouds,24.76,100
25-07-20 20:59:43,Clouds,24.76,100
25-07-20 21:19:06,Clouds,25.49,98
25-07-20 21:32:51,Clouds,24.76,100
25-07-20 21:44:01,Clouds,24.76,100
25-07-20 21:50:23,Clouds,24.76,100
25-07-20 21:56:27,Clouds,24.76,100
25-07-20 22:12:20,Clouds,26.03,98
25-07-20 22:34:16,Clouds,25.76,100
25-07-20 22:47:37,Clouds,25.76,100
25-07-20 22:54:25,Clouds,25.76,100
25-07-20 23:00:38,Clouds,25.76,100
25-07-20 23:23:45,Clouds,26.76,100
25-07-20 23:37:56,Clouds,26.76,100
25-07-20 23:47:58,Clouds,26.76,100
25-07-20 23:54:15,Clouds,26.76,100
25-07-21 00:00:06,Clouds,26.76,100
25-07-21 01:59:18,Clouds,28.76,89
25-07-21 03:44:00,Clouds,29.76,79
25-07-21 04:31:24,Clouds,29.76,79
25-07-21 05:02:03,Clouds,29.76,79
25-07-21 05:33:40,Clouds,31.76,70
25-07-21 05:52:15,Clouds,31.76,70
25-07-21 05:59:51,Clouds,31.76,70
25-07-21 06:33:32,Clouds,31.76,70
25-07-21 06:57:07,Clouds,31.76,70
25-07-21 07:22:32,Clouds,30.76,70
25-07-21 07:44:51,Clouds,30.76,70
25-07-21 07:55:07,Clouds,30.76,70
25-07-21 08:16:34,Clouds,30.89,67
25-07-21 08:48:12,Clouds,30.76,79
25-07-21 09:03:34,Clouds,30.76,79
25-07-21 09:36:38,Clouds,29.76,84
25-07-21 09:52:49,Clouds,29.76,84
25-07-21 09:59:46,Clouds,29.76,84
25-07-21 10:24:30,Clouds,30.51,74
25-07-21 10:46:17,Clouds,28.76,94
25-07-21 10:57:52,Clouds,28.76,94
25-07-21 11:15:04,Clouds,28.64,80
25-07-21 11:30:49,Clouds,27.76,100
25-07-21 11:43:27,Clouds,27.76,100
25-07-21 11:52:37,Clouds,27.76,100
25-07-21 11:58:37,Clouds,27.76,100
25-07-21 12:39:42,Clouds,27.76,100
25-07-21 13:24:00,Clouds,26.76,100
25-07-21 13:52:50,Clouds,26.76,100
25-07-21 14:10:24,Clouds,26.38,92
25-07-21 14:37:17,Clouds,26.76,100
25-07-21 14:53:43,Clouds,26.76,100
25-07-21 15:00:08,Clouds,26.76,100
25-07-21 15:24:13,Clouds,26.76,100
25-07-21 15:41:31,Clouds,26.76,100
25-07-21 15:53:18,Clouds,26.76,100
25-07-21 15:59:10,Clouds,26.76,100
25-07-21 16:25:25,Clouds,26.76,100
25-07-21 16:49:20,Clouds,26.76,100
25-07-21 17:02:05,Clouds,26.76,100
25-07-21 17:26:23,Clouds,26.76,100
25-07-21 17:44:18,Clouds,26.76,100
25-07-21 17:53:30,Clouds,26.76,100
25-07-21 17:59:21,Clouds,26.76,100
25-07-21 18:30:36,Clouds,26.76,100
25-07-21 18:54:49,Clouds,26.76,100
25-07-21 19:09:47,Clouds,26.76,100
25-07-21 19:27:36,Clouds,24.73,94
25-07-21 19:38:04,Clouds,24.73,94
25-07-21 19:45:33,Clouds,24.91,91
25-07-21 19:51:38,Clouds,24.91,91
25-07-21 19:57:50,Clouds,25,90
25-07-21 20:18:41,Clouds,24.76,87
25-07-21 20:40:03,Clouds,24.76,87
25-07-21 20:52:16,Clouds,24.74,87
25-07-21 20:58:21,Clouds,25.76,100
25-07-21 21:17:01,Clouds,24.93,96
25-07-21 21:33:28,Clouds,26.76,100
25-07-21 21:45:29,Clouds,26.76,100
25-07-21 21:52:21,Clouds,26.76,100
25-07-21 21:58:18,Clouds,26.76,100
25-07-21 22:17:42,Clouds,26.76,100
25-07-21 22:40:06,Clouds,26.76,100
25-07-21 22:51:29,Clouds,26.76,100
25-07-21 22:57:26,Clouds,26.76,100
25-07-21 23:15:14,Clouds,26.14,92
25-07-21 23:32:18,Clouds,28.76,94
25-07-21 23:44:27,Clouds,28.76,94
25-07-21 23:51:50,Clouds,28.76,94
25-07-21 23:57:56,Clouds,28.76,94
25-07-22 01:22:03,Clouds,29.76,84
25-07-22 03:10:16,Clouds,30.76,70
25-07-22 04:05:41,Clouds,30.76,66
25-07-22 04:47:19,Clouds,31.76,62
25-07-22 05:04:00,Clouds,31.76,62
25-07-22 05:33:40,Clouds,31.76,62
25-07-22 05:51:00,Clouds,31.76,62
25-07-22 05:58:37,Clouds,31.76,62
25-07-22 06:28:02,Clouds,30.76,79
25-07-22 06:54:21,Clouds,30.76,79
25-07-22 07:13:12,Clouds,32.1,63
25-07-22 07:34:00,Clouds,30.76,79
25-07-22 07:45:58,Clouds,30.76,79
25-07-22 07:53:43,Clouds,30.76,79
25-07-22 07:59:27,Clouds,30.76,79
25-07-22 08:29:36,Clouds,30.76,74
25-07-22 08:52:57,Clouds,30.76,74
25-07-22 09:13:29,Clouds,30.73,67
25-07-22 09:38:52,Clouds,29.76,74
25-07-22 09:51:57,Clouds,29.76,74
25-07-22 09:58:30,Clouds,29.76,74
25-07-22 10:20:03,Clouds,29.93,69
25-07-22 10:44:47,Clouds,28.76,89
25-07-22 10:56:20,Clouds,28.76,89
25-07-22 11:11:25,Clouds,28.76,89
25-07-22 11:28:48,Clouds,26.76,100
25-07-22 11:39:40,Clouds,26.76,100
25-07-22 11:47:50,Clouds,26.76,100
25-07-22 11:53:34,Clouds,26.76,100
25-07-22 11:59:28,Clouds,26.76,100
25-07-22 12:42:59,Clouds,26.76,100
25-07-22 13:25:18,Clear,25.76,100
25-07-22 13:53:00,Clear,25.76,100
25-07-22 14:10:56,Clear,25.76,100
25-07-22 14:35:44,Clear,25.76,100
25-07-22 14:51:35,Clear,25.76,100
25-07-22 14:58:21,Clear,25.76,100
25-07-22 15:19:43,Clouds,26.54,92
25-07-22 15:41:00,Clear,25.76,100
25-07-22 15:52:50,Clear,25.76,100
25-07-22 15:59:43,Clear,25.76,100
25-07-22 16:27:51,Clouds,25.85,96
25-07-22 16:51:21,Clouds,26.67,80
25-07-22 17:10:16,Clouds,26.67,80
25-07-22 17:34:45,Clear,24.76,100
25-07-22 17:48:57,Clear,24.76,100
25-07-22 17:55:51,Clear,24.76,100
25-07-22 18:17:01,Clouds,26.02,90
25-07-22 18:48:13,Clouds,24.76,100
25-07-22 19:01:24,Clouds,24.76,100
25-07-22 19:21:20,Clouds,24.76,100
25-07-22 19:32:01,Clouds,24.76,100
25-07-22 19:40:48,Clouds,24.76,100
25-07-22 19:46:57,Clouds,24.76,100
25-07-22 19:53:22,Clouds,24.76,100
25-07-22 19:59:13,Clouds,24.76,100
25-07-22 20:22:38,Clouds,24.88,97
25-07-22 20:40:48,Clouds,23.76,100
25-07-22 20:52:24,Clouds,23.76,100
25-07-22 20:58:36,Clouds,23.76,100
25-07-22 21:17:22,Clouds,23.76,100
25-07-22 21:33:52,Clouds,23.76,100
25-07-22 21:45:05,Clouds,23.76,100
25-07-22 21:51:46,Clouds,23.76,100
25-07-22 21:57:42,Clouds,23.76,100
25-07-22 22:15:44,Clouds,23.76,100
25-07-22 22:36:15,Clear,25.76,100
25-07-22 22:50:04,Clear,25.76,100
25-07-22 22:56:37,Clear,25.76,100
25-07-22 23:13:21,Clear,25.76,100
25-07-22 23:31:50,Clouds,27.76,83
25-07-22 23:44:20,Clouds,27.76,83
25-07-22 23:52:02,Clouds,27.76,83
25-07-22 23:58:02,Clouds,27.76,83
25-07-23 01:24:38,Clouds,30.76,62
25-07-23 03:12:07,Clouds,31.76,62
25-07-23 04:08:19,Clouds,31.76,62
25-07-23 04:50:19,Clouds,32.76,58
25-07-23 05:16:28,Clouds,33.01,56
25-07-23 05:46:06,Clouds,33.76,55
25-07-23 05:57:25,Clouds,33.76,55
25-07-23 06:23:47,Clear,32.76,58
25-07-23 06:52:01,Clear,32.76,58
25-07-23 07:13:13,Clear,32.76,58
25-07-23 07:34:43,Clouds,32.76,58
25-07-23 07:47:45,Clouds,32.76,58
25-07-23 07:55:27,Clouds,32.76,58
25-07-23 08:15:50,Clouds,32.76,58
25-07-23 08:46:02,Clouds,31.76,58
25-07-23 09:01:54,Clouds,31.76,58
25-07-23 09:33:34,Clear,30.76,62
25-07-23 09:50:51,Clear,30.76,62
25-07-23 09:58:30,Clear,30.76,62
25-07-23 10:20:04,Clear,30.58,66
25-07-23 10:44:28,Clear,29.76,70
25-07-23 10:55:47,Clear,29.76,70
25-07-23 11:10:55,Clear,29.11,73
25-07-23 11:29:16,Clear,27.76,83
25-07-23 11:41:18,Clear,27.76,83
25-07-23 11:48:52,Clear,27.76,83
25-07-23 11:55:42,Clear,27.76,83
25-07-23 12:22:19,Clear,26.76,89
25-07-23 13:08:33,Clear,26.76,89
25-07-23 13:46:47,Clear,25.76,94
25-07-23 13:59:37,Clear,25.76,94
25-07-23 14:22:10,Clear,25.76,100
25-07-23 14:44:27,Clear,25.76,100
25-07-23 14:57:59,Clear,25.76,100
25-07-23 15:18:52,Clouds,26.18,88
25-07-23 15:41:35,Clear,25.76,100
25-07-23 15:54:08,Clear,25.76,100
25-07-23 16:00:42,Clear,25.76,100
25-07-23 16:31:20,Clear,24.76,100
25-07-23 16:55:03,Clear,24.76,100
25-07-23 17:13:06,Clear,24.76,100
25-07-23 17:36:16,Clear,24.76,100
25-07-23 17:50:15,Clear,24.76,100
25-07-23 17:56:25,Clear,24.76,100
25-07-23 18:18:36,Clouds,25.26,87
25-07-23 18:48:08,Clear,24.76,100
25-07-23 19:00:48,Clear,24.76,100
25-07-23 19:20:16,Clouds,24.65,94
25-07-23 19:31:54,Clear,24.76,100
25-07-23 19:42:37,Clear,24.76,100
25-07-23 19:49:24,Clear,24.76,100
25-07-23 19:55:21,Clear,24.76,100
25-07-23 20:12:15,Clear,24.76,100
25-07-23 20:35:26,Clear,23.76,100
25-07-23 20:49:35,Clear,23.76,100
25-07-23 20:57:58,Clear,23.76,100
25-07-23 21:16:35,Clear,24.76,100
25-07-23 21:33:50,Clear,24.76,100
25-07-23 21:45:28,Clear,24.76,100
25-07-23 21:52:25,Clear,24.76,100
25-07-23 21:58:26,Clear,24.76,100
25-07-23 22:17:51,Clear,24.76,100
25-07-23 22:40:08,Clear,24.76,100
25-07-23 22:51:40,Clear,24.76,100
25-07-23 22:57:25,Clear,24.76,100
25-07-23 23:15:54,Clear,28.76,84
25-07-23 23:33:07,Clear,28.76,84
25-07-23 23:45:00,Clear,28.76,84
25-07-23 23:52:20,Clear,28.76,84
25-07-23 23:58:28,Clear,28.76,84
25-07-24 01:27:49,Clear,29.76,74
25-07-24 03:14:24,Clear,31.76,62
25-07-24 04:08:05,Clear,32.76,58
25-07-24 04:48:52,Clear,33.76,59
25-07-24 05:13:38,Clouds,33.16,54
25-07-24 05:42:29,Clear,33.76,55
25-07-24 05:54:41,Clear,33.76,55
25-07-24 06:14:37,Clear,33.76,55
25-07-24 06:48:41,Clear,32.76,62
25-07-24 07:01:44,Clear,32.76,62
25-07-24 07:28:25,Clear,32.76,62
25-07-24 07:43:22,Clear,32.76,62
25-07-24 07:51:40,Clear,32.76,62
25-07-24 07:57:30,Clear,32.76,62
25-07-24 08:21:48,Clear,32.76,62
25-07-24 08:47:13,Clear,32.76,62
25-07-24 09:01:41,Clear,32.76,62
25-07-24 09:31:22,Clear,31.76,66
25-07-24 09:48:29,Clear,31.76,66
25-07-24 09:56:54,Clear,31.76,66
25-07-24 10:15:56,Clear,30.96,63
25-07-24 10:42:29,Clear,29.76,74
25-07-24 10:55:14,Clear,29.76,74
25-07-24 11:09:58,Clear,29.76,74
25-07-24 11:28:43,Clear,27.76,89
25-07-24 11:39:39,Clear,27.76,89
25-07-24 11:47:16,Clear,27.76,89
25-07-24 11:53:23,Clear,27.76,89
25-07-24 11:59:21,Clear,27.76,89
25-07-24 12:43:09,Clear,26.76,94
25-07-24 13:25:25,Clear,26.76,94
25-07-24 13:53:14,Clear,26.76,94
25-07-24 14:10:18,Clear,26.76,94
25-07-24 14:36:44,Clear,25.76,100
25-07-24 14:53:07,Clear,25.76,100
25-07-24 14:59:48,Clear,25.76,100
25-07-24 15:21:09,Clear,26.1,87
25-07-24 15:39:20,Clear,25.76,100
25-07-24 15:51:04,Clear,25.76,100
25-07-24 15:58:38,Clear,25.76,100
25-07-24 16:20:47,Clear,24.76,100
25-07-24 16:45:28,Clear,24.76,100
25-07-24 16:59:37,Clear,24.76,100
25-07-24 17:19:45,Clear,24.76,100
25-07-24 17:40:17,Clear,24.76,100
25-07-24 17:50:51,Clear,24.76,100
25-07-24 17:56:45,Clear,24.76,100
25-07-24 18:20:19,Clear,25.04,86
25-07-24 18:48:44,Clear,24.76,100
25-07-24 19:01:01,Clear,24.76,100
25-07-24 19:20:51,Clear,23.76,100
25-07-24 19:32:30,Clear,23.76,100
25-07-24 19:42:49,Clear,23.76,100
25-07-24 19:49:33,Clear,23.76,100
25-07-24 19:55:47,Clear,23.76,100
25-07-24 20:11:35,Clear,23.76,100
25-07-24 20:33:23,Clear,23.76,100
25-07-24 20:47:11,Clear,23.76,100
25-07-24 20:55:36,Clear,23.76,100
25-07-24 21:11:17,Clear,23.76,100
25-07-24 21:31:11,Clear,23.76,100
25-07-24 21:41:58,Clear,23.76,100
25-07-24 21:48:09,Clear,23.76,100
25-07-24 21:54:22,Clear,23.76,100
25-07-24 22:00:44,Clear,23.76,100
25-07-24 22:23:49,Clear,25.76,100
25-07-24 22:42:36,Clear,25.76,100
25-07-24 22:53:39,Clear,25.76,100
25-07-24 22:59:43,Clear,25.76,100
25-07-24 23:21:02,Clear,28.76,84
25-07-24 23:36:35,Clear,28.76,84
25-07-24 23:52:06,Clear,28.76,84
25-07-24 23:53:31,Clear,28.76,84
25-07-24 23:59:38,Clear,28.76,84
25-07-25 01:48:38,Clear,32.76,62
25-07-25 03:21:10,Clear,33.7,57
25-07-25 04:09:17,Clouds,33.76,55
25-07-25 05:15:22,Clear,35.5,47
25-07-25 05:44:10,Clouds,34.76,52
25-07-25 05:56:33,Clouds,34.76,52
25-07-25 06:20:48,Clouds,34.76,49
25-07-25 06:51:24,Clouds,34.76,49
25-07-25 07:12:01,Clouds,34.76,52
25-07-25 07:33:10,Clouds,34.76,52
25-07-25 07:45:14,Clouds,34.76,52
25-07-25 07:52:50,Clouds,34.76,52
25-07-25 07:58:49,Clouds,34.76,52
25-07-25 08:26:01,Clouds,33.76,55
25-07-25 08:47:57,Clouds,33.76,55
25-07-25 09:01:01,Clouds,33.76,55
25-07-25 09:28:43,Clear,32.76,58
25-07-25 09:47:03,Clear,32.76,58
25-07-25 09:56:37,Clear,32.76,58
25-07-25 10:15:08,Clear,31.76,66
25-07-25 10:42:43,Clear,31.76,66
25-07-25 10:54:56,Clear,31.76,66
25-07-25 11:08:56,Clear,31.76,66
25-07-25 11:27:49,Clear,29.76,79
25-07-25 11:38:53,Clear,29.76,79
25-07-25 11:46:45,Clear,29.76,79
25-07-25 11:53:03,Clear,29.76,79
25-07-25 11:59:05,Clear,29.76,79
25-07-25 12:40:35,Clear,28.76,89
25-07-25 13:22:32,Clear,28.76,94
25-07-25 13:50:15,Clear,28.76,94
25-07-25 13:59:27,Clear,28.76,94
25-07-25 14:19:30,Clear,27.76,100
25-07-25 14:41:36,Clear,27.76,100
25-07-25 14:53:32,Clear,27.76,100
25-07-25 14:59:34,Clear,27.76,100
25-07-25 15:40:22,Clear,26.76,100
25-07-25 15:51:40,Clear,26.76,100
25-07-25 15:58:29,Clear,26.76,100
25-07-25 16:23:04,Clouds,26.36,86
25-07-25 16:46:58,Clear,26.76,100
25-07-25 16:59:54,Clear,26.76,100
25-07-25 17:20:29,Clouds,26.42,87
25-07-25 17:40:47,Clear,26.76,100
25-07-25 17:50:58,Clear,26.76,100
25-07-25 17:57:04,Clear,26.76,100
25-07-25 18:20:47,Clouds,26.44,79
25-07-25 18:48:28,Clear,26.76,100
25-07-25 19:00:29,Clear,26.76,100
25-07-25 19:19:25,Clear,25.69,89
25-07-25 19:31:18,Clear,25.76,100
25-07-25 19:41:32,Clear,25.76,100
25-07-25 19:49:44,Clear,25.76,100
25-07-25 19:55:44,Clear,25.76,100
25-07-25 20:12:34,Clear,25.54,89
25-07-25 20:34:27,Clear,25.76,94
25-07-25 20:48:12,Clear,25.76,94
25-07-25 20:56:22,Clear,25.76,94
25-07-25 21:12:23,Clouds,25.27,90
25-07-25 21:30:55,Clear,25.76,100
25-07-25 21:42:45,Clear,25.76,100
25-07-25 21:50:26,Clear,25.76,100
25-07-25 21:56:11,Clear,25.76,100
25-07-25 22:12:16,Clear,25.76,100
25-07-25 22:35:03,Clear,28.76,89
25-07-25 22:49:50,Clear,28.76,89
25-07-25 22:56:58,Clear,28.76,89
25-07-25 23:14:19,Clouds,28.36,84
25-07-25 23:31:21,Clear,30.76,74
25-07-25 23:44:08,Clear,30.76,74
25-07-25 23:51:53,Clear,30.76,74
25-07-25 23:57:59,Clear,30.76,74
25-07-26 01:21:01,Clouds,31.59,63
25-07-26 03:01:30,Clear,34.76,55
25-07-26 03:59:33,Clear,33.76,55
25-07-26 04:36:07,Clear,34.76,55
25-07-26 05:00:11,Clear,34.76,55
25-07-26 05:24:03,Clear,35.76,52
25-07-26 05:43:18,Clear,35.76,52
25-07-26 05:53:11,Clear,35.76,52
25-07-26 05:59:16,Clear,35.76,52
25-07-26 06:28:41,Clear,36.76,47
25-07-26 06:52:27,Clear,36.76,47
25-07-26 07:01:14,Clear,36.76,47
25-07-26 07:23:50,Clouds,35.23,47
25-07-26 07:36:58,Clear,36.76,47
25-07-26 07:45:18,Clear,36.76,47
25-07-26 07:51:35,Clear,36.76,47
25-07-26 07:57:44,Clear,36.76,47
25-07-26 08:19:49,Clouds,34.75,51
25-07-26 08:42:26,Clear,35.76,56
25-07-26 08:55:32,Clear,35.76,56
25-07-26 09:10:51,Clouds,34.62,52
25-07-26 09:31:23,Clear,33.76,62
25-07-26 09:43:21,Clear,33.76,62
25-07-26 09:50:22,Clear,33.76,62
25-07-26 09:56:31,Clear,33.76,62
25-07-26 10:12:59,Clouds,33.24,57
25-07-26 10:36:25,Clear,32.76,70
25-07-26 10:49:31,Clear,32.76,70
25-07-26 10:56:04,Clear,32.76,70
25-07-26 11:10:11,Clear,32.76,70
25-07-26 11:26:09,Clear,30.76,79
25-07-26 11:36:23,Clear,30.76,79
25-07-26 11:44:25,Clear,30.76,79
25-07-26 11:50:27,Clear,30.76,79
25-07-26 11:56:36,Clear,30.76,79
25-07-26 12:24:21,Clear,30.22,67
25-07-26 13:02:56,Clear,29.76,84
25-07-26 13:37:48,Clear,28.76,94
25-07-26 13:50:52,Clear,28.76,94
25-07-26 13:57:08,Clear,28.76,94
25-07-26 14:13:17,Clear,28.76,94
25-07-26 14:33:33,Clear,28.76,94
25-07-26 14:46:48,Clear,28.76,94
25-07-26 14:54:01,Clear,28.76,94
25-07-26 15:00:16,Clear,28.76,94
25-07-26 15:21:52,Clear,28.76,94
25-07-26 15:39:58,Clear,28.76,94
25-07-26 15:50:43,Clear,28.76,94
25-07-26 15:58:14,Clear,28.76,94
25-07-26 16:20:04,Clear,27.76,100
25-07-26 16:44:10,Clear,27.76,100
25-07-26 16:55:59,Clear,27.76,100
25-07-26 17:10:11,Clear,27.76,100
25-07-26 17:32:59,Clear,26.76,100
25-07-26 17:46:17,Clear,26.76,100
25-07-26 17:52:39,Clear,26.76,100
25-07-26 17:58:46,Clear,26.76,100
25-07-26 18:25:29,Clear,26.76,100
25-07-26 18:47:34,Clear,26.76,100
25-07-26 18:59:16,Clear,26.76,100
25-07-26 19:15:03,Clear,26.22,89
25-07-26 19:27:14,Clear,25.76,100
25-07-26 19:35:31,Clear,25.76,100
25-07-26 19:43:39,Clear,25.76,100
25-07-26 19:49:44,Clear,25.76,100
25-07-26 19:55:45,Clear,25.76,100
25-07-26 20:11:42,Clear,25.76,100
25-07-26 20:32:32,Clear,25.76,100
25-07-26 20:44:47,Clear,25.76,100
25-07-26 20:52:43,Clear,25.76,100
25-07-26 20:58:37,Clear,25.76,100
25-07-26 21:16:21,Clear,25.76,100
25-07-26 21:31:35,Clear,25.76,100
25-07-26 21:43:42,Clear,25.76,100
25-07-26 21:51:21,Clear,25.76,100
25-07-26 21:57:37,Clear,25.76,100
25-07-26 22:14:47,Clear,27.09,91
25-07-26 22:35:16,Clear,29.76,74
25-07-26 22:48:09,Clear,29.76,74
25-07-26 22:54:45,Clear,29.76,74
25-07-26 23:08:48,Clear,29.37,77
25-07-26 23:28:44,Clear,31.76,66
25-07-26 23:40:37,Clear,31.76,66
25-07-26 23:49:17,Clear,31.76,66
25-07-26 23:55:19,Clear,31.76,66
25-07-27 00:59:48,Clear,32.76,55
25-07-27 03:07:10,Clear,34.76,52
25-07-27 04:12:03,Clear,35.76,49
25-07-27 04:53:28,Clouds,35.76,46
25-07-27 05:15:35,Clear,35.25,45
25-07-27 05:42:28,Clouds,36.76,44
25-07-27 05:53:58,Clouds,36.76,44
25-07-27 05:59:43,Clouds,36.76,44
25-07-27 06:30:44,Clear,35.76,56
25-07-27 06:53:39,Clear,35.76,56
25-07-27 07:08:52,Clear,35.76,56
25-07-27 07:29:20,Clouds,35.76,63
25-07-27 07:39:42,Clouds,35.76,63
25-07-27 07:47:07,Clouds,35.76,63
25-07-27 07:52:59,Clouds,35.76,63
25-07-27 07:58:53,Clouds,35.76,63
25-07-27 08:22:57,Clear,35.55,50
25-07-27 08:43:47,Clouds,34.76,63
25-07-27 08:55:47,Clouds,34.76,63
25-07-27 09:11:56,Clear,34.01,53
25-07-27 09:32:51,Clouds,33.76,70
25-07-27 09:45:47,Clouds,33.76,70
25-07-27 09:52:59,Clouds,33.76,70
25-07-27 09:58:58,Clouds,33.76,70
25-07-27 10:19:25,Clouds,33.76,70
25-07-27 10:41:22,Clouds,31.76,79
25-07-27 10:52:21,Clouds,31.76,79
25-07-27 10:58:16,Clouds,31.76,79
25-07-27 11:13:58,Clear,30.66,67
25-07-27 11:28:01,Clear,29.76,89
25-07-27 11:37:28,Clear,29.76,89
25-07-27 11:44:40,Clear,29.76,89
25-07-27 11:50:45,Clear,29.76,89
25-07-27 11:56:57,Clear,29.76,89
25-07-27 12:27:36,Clear,28.76,94
25-07-27 13:06:23,Clear,28.76,94
25-07-27 13:37:49,Clear,27.76,94
25-07-27 13:50:16,Clear,27.76,94
25-07-27 13:56:29,Clear,27.76,94
25-07-27 14:11:23,Clear,27.76,94
25-07-27 14:32:25,Clear,27.76,94
25-07-27 14:45:57,Clear,27.76,94
25-07-27 14:52:40,Clear,27.76,94
25-07-27 14:58:26,Clear,27.76,94
25-07-27 15:17:21,Clear,27.76,94
25-07-27 15:34:19,Clear,27.76,100
25-07-27 15:45:26,Clear,27.76,100
25-07-27 15:52:23,Clear,27.76,100
25-07-27 15:58:26,Clear,27.76,100
25-07-27 16:20:46,Clear,27.41,87
25-07-27 16:43:54,Clear,27.76,100
25-07-27 16:56:01,Clear,27.76,100
25-07-27 17:10:12,Clear,26.3,89
25-07-27 17:32:40,Clear,26.76,100
25-07-27 17:46:14,Clear,26.76,100
25-07-27 17:53:52,Clear,26.76,100
25-07-27 17:59:44,Clear,26.76,100
25-07-27 18:28:45,Clear,26.76,100
25-07-27 18:51:23,Clear,26.76,100
25-07-27 19:00:41,Clear,26.76,100
25-07-27 19:19:36,Clear,26.76,100
25-07-27 19:30:43,Clear,26.76,100
25-07-27 19:40:15,Clear,26.76,100
25-07-27 19:47:05,Clear,26.76,100
25-07-27 19:53:08,Clear,26.76,100
25-07-27 19:59:14,Clear,26.76,100
25-07-27 20:21:06,Clear,26.76,100
25-07-27 20:38:47,Clear,26.76,100
25-07-27 20:49:41,Clear,26.76,100
25-07-27 20:56:17,Clear,26.76,100
25-07-27 21:11:25,Clear,26.76,100
25-07-27 21:29:37,Clouds,25.76,100
25-07-27 21:40:52,Clouds,25.76,100
25-07-27 21:47:56,Clouds,25.76,100
25-07-27 21:54:19,Clouds,25.76,100
25-07-27 22:00:44,Clouds,25.76,100
25-07-27 22:22:39,Clear,28.76,94
25-07-27 22:41:59,Clear,28.76,94
25-07-27 22:52:41,Clear,28.76,94
25-07-27 22:58:50,Clear,28.76,94
25-07-27 23:18:50,Clear,29.04,84
25-07-27 23:35:22,Clear,30.76,84
25-07-27 23:47:05,Clear,30.76,84
25-07-27 23:54:02,Clear,30.76,84
25-07-27 23:59:47,Clear,30.76,84
25-07-28 01:57:36,Clouds,33.76,66
25-07-28 03:42:01,Clouds,33.76,62
25-07-28 04:33:50,Clouds,34.76,55
25-07-28 05:04:30,Clouds,34.76,55
25-07-28 05:37:28,Clouds,34.76,59
25-07-28 05:55:10,Clouds,34.76,59
25-07-28 06:18:17,Clouds,34.76,59
25-07-28 06:52:48,Clouds,34.76,66
25-07-28 07:14:50,Clouds,34.76,66
25-07-28 07:38:01,Clouds,34.76,66
25-07-28 07:50:20,Clouds,34.76,66
25-07-28 07:56:48,Clouds,34.76,66
25-07-28 08:21:38,Clouds,33.76,70
25-07-28 08:48:40,Clouds,33.76,70
25-07-28 09:02:44,Clouds,33.76,70
25-07-28 09:36:04,Clouds,31.76,79
25-07-28 09:52:26,Clouds,31.76,79
25-07-28 09:59:16,Clouds,31.76,79
25-07-28 10:22:54,Clear,31.68,67
25-07-28 10:46:04,Clouds,30.76,74
25-07-28 10:57:17,Clouds,30.76,74
25-07-28 11:13:42,Clouds,30.76,74
25-07-28 11:30:12,Clear,28.76,84
25-07-28 11:42:00,Clear,28.76,84
25-07-28 11:49:34,Clear,28.76,84
25-07-28 11:55:27,Clear,28.76,84
25-07-28 12:21:54,Clear,28.94,69
25-07-28 13:08:55,Clear,27.76,83
25-07-28 13:49:25,Clear,26.76,94
25-07-28 14:01:57,Clear,26.76,94
25-07-28 14:29:27,Clear,27.76,89
25-07-28 14:49:34,Clear,27.76,89
25-07-28 14:59:20,Clear,27.76,89
25-07-28 15:23:18,Clear,26.76,94
25-07-28 15:42:24,Clear,26.76,94
25-07-28 15:53:58,Clear,26.76,94
25-07-28 16:00:15,Clear,26.76,94
25-07-28 16:30:46,Clear,25.76,100
25-07-28 16:55:26,Clear,25.76,100
25-07-28 17:14:40,Clear,25.76,100
25-07-28 17:36:22,Clear,25.76,100
25-07-28 17:49:25,Clear,25.76,100
25-07-28 17:56:44,Clear,25.76,100
25-07-28 18:20:54,Clear,25.76,100
25-07-28 18:50:33,Clear,25.76,100
25-07-28 19:03:50,Clear,25.76,100
25-07-28 19:25:40,Clear,25.76,100
25-07-28 19:37:14,Clear,25.76,100
25-07-28 19:45:33,Clear,25.76,100
25-07-28 19:51:49,Clear,25.76,100
25-07-28 19:57:46,Clear,25.76,100
25-07-28 20:18:54,Clear,25.78,88
25-07-28 20:40:53,Clear,24.76,100
25-07-28 20:53:43,Clear,24.76,100
25-07-28 20:59:46,Clear,24.76,100
25-07-28 21:19:45,Clear,25.4,89
25-07-28 21:34:07,Clear,25.76,100
25-07-28 21:45:43,Clear,25.76,100
25-07-28 21:52:21,Clear,25.76,100
25-07-28 21:58:29,Clear,25.76,100
25-07-28 22:18:29,Clear,26.89,89
25-07-28 22:42:40,Clear,27.76,100
25-07-28 22:55:51,Clear,27.76,100
25-07-28 23:12:39,Clear,29.06,83
25-07-28 23:33:39,Clear,29.76,84
25-07-28 23:47:41,Clear,29.76,84
25-07-28 23:56:11,Clear,29.76,84
25-07-29 01:10:33,Clear,31.76,74
25-07-29 03:19:27,Clear,34.11,58
25-07-29 04:16:58,Clear,35.23,52
25-07-29 04:59:51,Clouds,34.76,63
25-07-29 05:29:38,Clouds,35.76,56
25-07-29 05:51:55,Clouds,35.76,56
25-07-29 06:00:09,Clouds,35.76,56
25-07-29 06:35:08,Clouds,35.76,56
25-07-29 06:58:41,Clouds,35.76,56
25-07-29 07:22:20,Clouds,35.76,56
25-07-29 07:41:37,Clouds,35.76,56
25-07-29 07:52:25,Clouds,35.76,56
25-07-29 07:58:31,Clouds,35.76,56
25-07-29 08:25:54,Clouds,34.76,59
25-07-29 08:49:43,Clouds,34.76,59
25-07-29 09:13:01,Clouds,33.17,52
25-07-29 09:40:28,Clouds,33.76,59
25-07-29 09:54:02,Clouds,33.76,59
25-07-29 10:00:05,Clouds,33.76,59
25-07-29 10:24:39,Clear,31.76,66
25-07-29 10:45:51,Clear,31.76,66
25-07-29 10:57:12,Clear,31.76,66
25-07-29 11:13:09,Clouds,32.78,58
25-07-29 11:29:41,Clear,29.76,79
25-07-29 11:41:21,Clear,29.76,79
25-07-29 11:49:06,Clear,29.76,79
25-07-29 11:55:16,Clear,29.76,79
25-07-29 12:21:28,Clear,28.76,89
25-07-29 13:09:53,Clear,28.76,89
25-07-29 13:50:31,Clear,28.76,89
25-07-29 14:11:56,Clear,28.76,89
25-07-29 14:41:53,Clear,27.76,100
25-07-29 14:57:41,Clear,27.76,100
25-07-29 15:19:24,Clouds,27.2,82
25-07-29 15:42:56,Clear,27.76,100
25-07-29 15:55:41,Clear,27.76,100
25-07-29 16:13:56,Clear,27.76,100
25-07-29 16:44:58,Clear,26.76,100
25-07-29 17:00:58,Clear,26.76,100
25-07-29 17:25:31,Clear,26.76,100
25-07-29 17:44:36,Clear,26.76,100
25-07-29 17:54:56,Clear,26.76,100
25-07-29 18:14:52,Clear,26.76,100
25-07-29 18:49:25,Clear,25.76,100
25-07-29 19:02:50,Clear,25.76,100
25-07-29 19:26:22,Clouds,26.76,100
25-07-29 19:38:45,Clouds,26.76,100
25-07-29 19:47:15,Clouds,26.76,100
25-07-29 19:53:30,Clouds,26.76,100
25-07-29 19:59:22,Clouds,26.76,100
25-07-29 20:23:47,Clouds,25.76,100
25-07-29 20:42:14,Clouds,25.76,100
25-07-29 20:54:32,Clouds,25.76,100
25-07-29 21:08:32,Clouds,25.76,100
25-07-29 21:31:01,Clear,26.76,100
25-07-29 21:44:24,Clear,26.76,100
25-07-29 21:52:09,Clear,26.76,100
25-07-29 21:58:09,Clear,26.76,100
25-07-29 22:17:17,Clear,26.76,100
25-07-29 22:40:45,Clouds,26.76,100
25-07-29 22:52:58,Clouds,26.76,100
25-07-29 22:58:58,Clouds,26.76,100
25-07-29 23:18:53,Clouds,28.48,83
25-07-29 23:35:48,Clear,29.76,84
25-07-29 23:47:29,Clear,29.76,84
25-07-29 23:54:11,Clear,29.76,84
25-07-30 00:00:18,Clear,29.76,84
25-07-30 01:59:07,Clear,32.76,66
25-07-30 03:42:07,Clear,32.76,62
25-07-30 04:30:45,Clouds,32.76,66
25-07-30 05:02:31,Clouds,32.76,66
25-07-30 05:36:50,Clouds,34.76,59
25-07-30 05:55:51,Clouds,34.76,59
25-07-30 06:19:43,Clouds,34.69,46
25-07-30 06:53:14,Clouds,34.76,59
25-07-30 07:14:15,Clouds,35.03,48
25-07-30 07:36:46,Clouds,32.76,70
25-07-30 07:50:32,Clouds,32.76,70
25-07-30 07:57:27,Clouds,32.76,70
25-07-30 08:21:42,Clouds,32.76,70
25-07-30 08:48:09,Clouds,32.76,70
25-07-30 09:03:25,Clouds,32.76,70
25-07-30 09:36:52,Clear,31.76,70
25-07-30 09:53:32,Clear,31.76,70
25-07-30 10:00:39,Clear,31.76,70
25-07-30 10:26:29,Clouds,32.4,59
25-07-30 10:47:09,Clear,30.76,84
25-07-30 10:57:48,Clear,30.76,84
25-07-30 11:31:28,Clear,29.76,84
25-07-30 11:43:40,Clear,29.76,84
25-07-30 11:50:44,Clear,29.76,84
25-07-30 11:56:51,Clear,29.76,84
25-07-30 12:29:23,Clear,28.76,94
25-07-30 13:21:07,Clouds,29.04,78
25-07-30 13:53:49,Clear,28.76,100
25-07-30 14:10:40,Clouds,28.44,81
25-07-30 14:36:31,Clear,28.76,100
25-07-30 14:53:17,Clear,28.76,100
25-07-30 14:59:46,Clear,28.76,100
25-07-30 15:23:52,Clear,27.76,100
25-07-30 15:42:57,Clear,27.76,100
25-07-30 15:55:19,Clear,27.76,100
25-07-30 16:13:53,Clouds,27.77,81
25-07-30 16:43:23,Clear,27.76,100
25-07-30 16:58:55,Clear,27.76,100
25-07-30 17:19:24,Clear,27.76,100
25-07-30 17:40:58,Clear,27.76,100
25-07-30 17:52:40,Clear,27.76,100
25-07-30 17:58:40,Clear,27.76,100
25-07-30 18:54:03,Clear,27.76,100
25-07-30 19:10:15,Clouds,27.35,82
25-07-30 19:28:19,Clear,28.76,74
25-07-30 19:39:06,Clear,28.76,74
25-07-30 19:46:16,Clear,28.76,74
25-07-30 19:52:17,Clear,28.76,74
25-07-30 19:58:24,Clear,28.76,74
25-07-30 20:19:06,Clear,28.76,74
25-07-30 20:39:25,Clear,28.76,74
25-07-30 20:51:31,Clear,28.76,74
25-07-30 20:58:49,Clear,28.76,74
25-07-30 21:18:42,Clear,28.76,74
25-07-30 21:35:56,Clear,28.76,74
25-07-30 21:46:57,Clear,28.76,74
25-07-30 21:53:22,Clear,28.76,74
25-07-30 21:59:13,Clear,28.76,74
25-07-30 22:19:44,Clouds,27.27,80
25-07-30 22:41:25,Clear,28.76,79
25-07-30 22:52:41,Clear,28.76,79
25-07-30 22:58:33,Clear,28.76,79
25-07-30 23:18:17,Clouds,27.95,78
25-07-30 23:34:46,Clear,28.76,84
25-07-30 23:47:29,Clear,28.76,84
25-07-30 23:54:58,Clear,28.76,84
25-07-31 00:51:58,Clear,29.76,74
25-07-31 02:52:40,Clear,32.76,55
25-07-31 03:56:26,Clear,32.76,58
25-07-31 04:35:11,Clouds,34.76,52
25-07-31 05:02:39,Clouds,34.76,52
25-07-31 05:35:03,Clear,32.76,58
25-07-31 05:53:09,Clear,32.76,58
25-07-31 05:59:56,Clear,32.76,58
25-07-31 06:34:04,Clear,31.76,62
25-07-31 06:58:38,Clear,31.76,62
25-07-31 07:22:23,Clear,30.76,66
25-07-31 07:40:54,Clear,30.76,66
25-07-31 07:50:46,Clear,30.76,66
25-07-31 07:56:41,Clear,30.76,66
25-07-31 08:19:58,Clouds,31.75,54
25-07-31 08:47:15,Clear,30.76,66
25-07-31 09:02:18,Clear,30.76,66
25-07-31 09:33:46,Clear,29.76,74
25-07-31 09:50:31,Clear,29.76,74
25-07-31 09:58:12,Clear,29.76,74
25-07-31 10:19:11,Clouds,30,62
25-07-31 10:44:36,Clear,28.76,84
25-07-31 10:56:18,Clear,28.76,84
25-07-31 11:11:59,Clouds,28.26,71
25-07-31 11:29:41,Clear,27.76,94
25-07-31 11:41:48,Clear,27.76,94
25-07-31 11:49:54,Clear,27.76,94
25-07-31 11:55:54,Clear,27.76,94
25-07-31 12:22:50,Clouds,27.51,67
25-07-31 13:08:24,Clouds,27.4,77
25-07-31 13:48:48,Clear,26.76,100
25-07-31 14:01:17,Clear,26.76,100
25-07-31 14:26:41,Clear,26.76,100
25-07-31 14:46:33,Clear,26.76,100
25-07-31 14:58:03,Clear,26.76,100
25-07-31 15:18:54,Clouds,26.75,81
25-07-31 15:40:47,Clear,26.76,100
25-07-31 15:53:00,Clear,26.76,100
25-07-31 16:00:20,Clear,26.76,100
25-07-31 16:30:10,Clear,26.76,100
25-07-31 16:53:32,Clear,26.76,100
25-07-31 17:11:13,Clouds,26.46,83
25-07-31 17:35:08,Clear,26.76,100
25-07-31 17:48:57,Clear,26.76,100
25-07-31 17:55:59,Clear,26.76,100
25-07-31 18:18:24,Clouds,26.49,75
25-07-31 18:49:18,Clear,26.76,100
25-07-31 19:02:08,Clear,26.76,100
25-07-31 19:24:02,Clear,26.76,100
25-07-31 19:35:11,Clear,26.76,100
25-07-31 19:44:25,Clear,26.76,100
25-07-31 19:50:30,Clear,26.76,100
25-07-31 19:56:39,Clear,26.76,100
25-07-31 20:15:13,Clouds,26.46,84
25-07-31 20:37:43,Clear,25.76,100
25-07-31 20:51:14,Clear,25.76,100
25-07-31 20:58:08,Clear,25.76,100
25-07-31 21:16:36,Clouds,26.44,85
25-07-31 21:33:56,Clear,25.76,100
25-07-31 21:46:57,Clear,25.76,100
25-07-31 21:53:47,Clear,25.76,100
25-07-31 21:59:56,Clear,25.76,100
25-07-31 22:21:33,Clear,27.76,100
25-07-31 22:41:49,Clear,27.76,100
25-07-31 22:53:08,Clear,27.76,100
25-07-31 22:59:15,Clear,27.76,100
25-07-31 23:19:43,Clouds,28.51,84
25-07-31 23:35:41,Clear,29.76,79
25-07-31 23:46:51,Clear,29.76,79
25-07-31 23:53:32,Clear,29.76,79
25-07-31 23:59:38,Clear,29.76,79
25-08-01 02:00:41,Clear,33.76,59
25-08-01 03:56:54,Clear,33.76,55
25-08-01 04:48:31,Clear,33.76,59
25-08-01 05:21:17,Clear,33.76,59
25-08-01 05:49:32,Clear,33.76,59
25-08-01 06:00:35,Clear,33.76,59
25-08-01 06:37:56,Clouds,31.76,74
25-08-01 07:00:54,Clouds,31.76,74
25-08-01 07:29:59,Clear,33.76,55
25-08-01 07:46:36,Clear,33.76,55
25-08-01 07:55:17,Clear,33.76,55
25-08-01 08:15:33,Clouds,32.56,60
25-08-01 08:45:16,Clear,31.76,70
25-08-01 09:00:49,Clear,31.76,70
25-08-01 09:30:16,Clouds,30.76,70
25-08-01 09:49:01,Clouds,30.76,70
25-08-01 09:57:53,Clouds,30.76,70
25-08-01 10:18:32,Clouds,30.3,67
25-08-01 10:44:31,Clear,29.76,89
25-08-01 10:56:41,Clear,29.76,89
25-08-01 11:12:28,Clear,29.76,89
25-08-01 11:29:31,Clear,28.76,100
25-08-01 11:41:34,Clear,28.76,100
25-08-01 11:49:28,Clear,28.76,100
25-08-01 11:55:37,Clear,28.76,100
25-08-01 12:22:17,Clouds,28.66,76
25-08-01 13:08:12,Clear,27.76,100
25-08-01 13:47:19,Clear,27.76,100
25-08-01 14:00:25,Clear,27.76,100
25-08-01 14:24:22,Clear,27.76,100
25-08-01 14:44:20,Clear,27.76,100
25-08-01 14:55:56,Clear,27.76,100
25-08-01 15:13:10,Clouds,26.65,88
25-08-01 15:35:49,Clear,26.76,100
25-08-01 15:49:38,Clear,26.76,100
25-08-01 15:58:12,Clear,26.76,100
25-08-01 16:22:51,Clear,27.76,100
25-08-01 16:48:54,Clear,27.76,100
25-08-01 17:02:05,Clear,27.76,100
25-08-01 17:27:35,Clear,26.76,100
25-08-01 17:45:17,Clear,26.76,100
25-08-01 17:55:45,Clear,26.76,100
25-08-01 18:16:26,Clouds,26.21,89
25-08-01 18:48:01,Clear,26.76,100
25-08-01 19:00:52,Clear,26.76,100
25-08-01 19:20:45,Clouds,25.93,90
25-08-01 19:30:34,Clouds,25.76,100
25-08-01 19:40:28,Clouds,25.76,100
25-08-01 19:47:08,Clouds,25.76,100
25-08-01 19:53:10,Clouds,25.76,100
25-08-01 19:59:06,Clouds,25.76,100
25-08-01 20:21:40,Clouds,25.33,91
25-08-01 20:41:03,Mist,25.76,100
25-08-01 20:53:10,Mist,25.76,100
25-08-01 20:59:17,Mist,25.76,100
25-08-01 21:19:10,Clouds,25.19,91
25-08-01 21:34:55,Mist,25.76,100
25-08-01 21:46:18,Mist,25.76,100
25-08-01 21:53:06,Mist,25.76,100
25-08-01 21:58:56,Mist,25.76,100
25-08-01 22:18:45,Clouds,26.21,90
25-08-01 22:40:44,Mist,27.76,94
25-08-01 22:52:25,Mist,27.76,94
25-08-01 22:58:19,Mist,27.76,94
25-08-01 23:17:35,Clouds,27.89,86
25-08-01 23:34:07,Mist,29.76,79
25-08-01 23:45:45,Mist,29.76,79
25-08-01 23:52:47,Mist,29.76,79
25-08-01 23:59:05,Mist,29.76,79
25-08-02 01:40:08,Mist,32.76,58
25-08-02 03:16:53,Clouds,32.76,62
25-08-02 04:04:45,Clouds,33.76,59
25-08-02 04:42:26,Clouds,33.76,52
25-08-02 05:01:21,Clouds,33.76,52
25-08-02 05:27:58,Clouds,34.76,49
25-08-02 05:47:47,Clouds,34.76,49
25-08-02 05:57:50,Clouds,34.76,49
25-08-02 06:22:13,Clouds,32.77,48
25-08-02 06:47:27,Clouds,34.76,49
25-08-02 06:59:16,Clouds,34.76,49
25-08-02 07:18:33,Clear,33.58,49
25-08-02 07:32:28,Clouds,34.76,49
25-08-02 07:42:33,Clouds,34.76,49
25-08-02 07:49:23,Clouds,34.76,49
25-08-02 07:55:26,Clouds,34.76,49
25-08-02 08:13:27,Clouds,34.76,49
25-08-02 08:40:26,Clouds,33.76,55
25-08-02 08:55:04,Clouds,33.76,55
25-08-02 09:11:00,Clouds,33.76,55
25-08-02 09:33:41,Clouds,32.76,58
25-08-02 09:46:00,Clouds,32.76,58
25-08-02 09:52:44,Clouds,32.76,58
25-08-02 09:58:44,Clouds,32.76,58
25-08-02 10:18:39,Clear,30.28,60
25-08-02 10:40:49,Clear,29.76,70
25-08-02 10:52:31,Clear,29.76,70
25-08-02 10:58:26,Clear,29.76,70
25-08-02 11:15:18,Clear,28.76,68
25-08-02 11:28:48,Clear,28.76,70
25-08-02 11:38:45,Clear,28.76,70
25-08-02 11:45:30,Clear,28.76,70
25-08-02 11:51:35,Clear,28.76,70
25-08-02 11:57:20,Clear,28.76,70
25-08-02 12:29:12,Clear,27.76,83
25-08-02 13:06:59,Clear,27.76,83
25-08-02 13:38:07,Clear,27.76,89
25-08-02 13:49:59,Clear,27.76,89
25-08-02 13:56:25,Clear,27.76,89
25-08-02 14:11:50,Clouds,27.53,82
25-08-02 14:33:08,Clear,27.76,83
25-08-02 14:46:42,Clear,27.76,83
25-08-02 14:53:37,Clear,27.76,83
25-08-02 14:59:43,Clear,27.76,83
25-08-02 15:20:33,Clouds,27.25,80
25-08-02 15:37:02,Clear,26.76,94
25-08-02 15:47:29,Clear,26.76,94
25-08-02 15:54:16,Clear,26.76,94
25-08-02 16:00:26,Clear,26.76,94
25-08-02 16:27:26,Clear,26.76,100
25-08-02 16:47:55,Clear,26.76,100
25-08-02 16:59:01,Clear,26.76,100
25-08-02 17:16:27,Clear,26.76,100
25-08-02 17:35:34,Clear,25.76,100
25-08-02 17:46:54,Clear,25.76,100
25-08-02 17:53:20,Clear,25.76,100
25-08-02 17:59:24,Clear,25.76,100
25-08-02 18:28:12,Clear,25.76,100
25-08-02 18:50:43,Clear,25.76,100
25-08-02 18:59:45,Clear,25.76,100
25-08-02 19:16:14,Clouds,26.15,87
25-08-02 19:27:58,Clear,25.76,100
25-08-02 19:37:25,Clear,25.76,100
25-08-02 19:44:28,Clear,25.76,100
25-08-02 19:50:33,Clear,25.76,100
25-08-02 19:56:45,Clear,25.76,100
25-08-02 20:14:02,Clear,25.76,100
25-08-02 20:33:51,Clear,24.76,100
25-08-02 20:46:05,Clear,24.76,100
25-08-02 20:53:47,Clear,24.76,100
25-08-02 20:59:55,Clear,24.76,100
25-08-02 21:19:19,Clouds,25.85,89
25-08-02 21:33:18,Clear,25.76,100
25-08-02 21:45:15,Clear,25.76,100
25-08-02 21:51:56,Clear,25.76,100
25-08-02 21:57:54,Clear,25.76,100
25-08-02 22:15:34,Clear,25.76,100
25-08-02 22:36:32,Clear,26.76,100
25-08-02 22:49:13,Clear,26.76,100
25-08-02 22:55:44,Clear,26.76,100
25-08-02 23:11:09,Clouds,28.48,85
25-08-02 23:32:32,Clear,27.76,89
25-08-02 23:47:02,Clear,27.76,89
25-08-02 23:55:02,Clear,27.76,89
25-08-03 00:57:01,Clear,28.76,74
25-08-03 03:06:42,Clear,31.76,55
25-08-03 04:15:23,Clouds,29.59,63
25-08-03 04:57:51,Clear,32.76,55
25-08-03 05:23:34,Clouds,29.35,63
25-08-03 05:46:34,Clear,31.76,58
25-08-03 05:57:46,Clear,31.76,58
25-08-03 06:22:26,Rain,31.76,62
25-08-03 06:48:18,Rain,31.76,62
25-08-03 06:59:49,Rain,31.76,62
25-08-03 07:19:35,Clouds,30.25,67
25-08-03 07:33:35,Clear,30.76,66
25-08-03 07:43:31,Clear,30.76,66
25-08-03 07:49:59,Clear,30.76,66
25-08-03 07:56:03,Clear,30.76,66
25-08-03 08:15:20,Clouds,30.78,66
25-08-03 08:40:59,Clouds,29.76,70
25-08-03 08:54:41,Rain,29.76,70
25-08-03 09:09:11,Rain,29.76,70
25-08-03 09:32:01,Rain,27.76,89
25-08-03 09:45:02,Rain,27.76,89
25-08-03 09:51:57,Rain,27.76,89
25-08-03 09:58:04,Rain,27.76,89
25-08-03 10:17:04,Rain,27.79,86
25-08-03 10:40:32,Rain,27.76,83
25-08-03 10:52:12,Rain,27.76,83
25-08-03 10:57:56,Rain,27.76,83
25-08-03 11:14:27,Rain,26.99,87
25-08-03 11:30:18,Rain,26.76,89
25-08-03 11:42:03,Mist,26.76,89
25-08-03 11:49:01,Mist,26.76,89
25-08-03 11:55:03,Rain,26.76,89
25-08-03 12:17:29,Rain,25.98,84
25-08-03 13:03:35,Rain,27.76,69
25-08-03 13:37:43,Clouds,27.76,74
25-08-03 13:51:47,Clouds,27.76,74
25-08-03 13:58:19,Clouds,27.76,74
25-08-03 14:15:04,Rain,24.83,86
25-08-03 14:34:23,Rain,23.76,100
25-08-03 14:46:46,Rain,23.76,100
25-08-03 14:53:16,Rain,23.76,100
25-08-03 14:59:29,Rain,23.76,100
25-08-03 15:20:11,Rain,23.76,100
25-08-03 15:38:19,Rain,23.76,100
25-08-03 15:50:02,Rain,23.76,100
25-08-03 15:57:25,Rain,23.76,100
25-08-03 16:18:02,Rain,23.76,100
25-08-03 16:43:32,Clouds,23.76,100
25-08-03 16:56:30,Clouds,23.76,100
25-08-03 17:12:00,Clouds,23.65,95
25-08-03 17:33:31,Rain,23.76,100
25-08-03 17:47:21,Clouds,23.76,100
25-08-03 17:54:25,Clouds,23.76,100
25-08-03 18:11:13,Rain,23.76,100
25-08-03 18:44:02,Rain,23.76,100
25-08-03 18:57:42,Rain,23.76,100
25-08-03 19:13:01,Rain,23.76,100
25-08-03 19:27:07,Rain,23.36,97
25-08-03 19:36:18,Rain,23.76,100
25-08-03 19:43:49,Rain,23.76,100
25-08-03 19:49:55,Rain,23.76,100
25-08-03 19:56:14,Clouds,23.76,100
25-08-03 20:13:44,Clouds,23.76,100
25-08-03 20:34:47,Clouds,22.76,100
25-08-03 20:47:45,Clouds,22.76,100
25-08-03 20:55:36,Clouds,22.76,100
25-08-03 21:10:12,Clouds,23.76,100
25-08-03 21:29:52,Clouds,23.76,100
25-08-03 21:41:44,Mist,23.76,100
25-08-03 21:49:27,Mist,23.76,100
25-08-03 21:55:16,Mist,23.76,100
25-08-03 22:10:11,Mist,23.76,100
25-08-03 22:34:19,Mist,23.76,100
25-08-03 22:48:49,Mist,23.76,100
25-08-03 22:56:19,Mist,23.76,100
25-08-03 23:12:46,Clouds,23.92,95
25-08-03 23:31:42,Clouds,25.76,100
25-08-03 23:44:39,Mist,25.76,100
25-08-03 23:52:54,Mist,25.76,100
25-08-03 23:58:53,Mist,25.76,100
25-08-04 01:50:54,Clouds,28.76,79
25-08-04 03:46:15,Clouds,31.76,66
25-08-04 04:45:04,Clouds,32.76,58
25-08-04 05:25:02,Clouds,32.76,58
25-08-04 05:55:21,Clouds,32.76,58
25-08-04 06:22:36,Clouds,33.99,54
25-08-04 06:58:50,Clouds,33.76,55
25-08-04 07:27:28,Clouds,31.78,62
25-08-04 07:47:57,Clouds,33.76,55
25-08-04 07:57:21,Clouds,33.76,55
25-08-04 08:23:07,Clouds,30.76,70
25-08-04 08:50:12,Clouds,30.76,70
25-08-04 09:17:07,Clouds,30.39,65
25-08-04 09:47:49,Clouds,28.76,74
25-08-04 09:59:39,Clouds,28.76,74
25-08-04 10:25:25,Clouds,29.12,74
25-08-04 10:48:08,Clouds,28.76,74
25-08-04 10:59:54,Clouds,28.76,74
25-08-04 11:19:59,Clouds,28.53,77
25-08-04 11:34:54,Clouds,28.76,79
25-08-04 11:46:07,Clouds,28.76,79
25-08-04 11:52:57,Clouds,28.76,79
25-08-04 11:58:54,Clouds,28.76,79
25-08-04 12:42:03,Clear,27.76,89
25-08-04 13:28:41,Clear,26.76,94
25-08-04 13:57:50,Clear,26.76,94
25-08-04 14:20:58,Clear,26.76,94
25-08-04 14:47:04,Clear,26.76,94
25-08-04 14:58:54,Clear,26.76,94
25-08-04 15:22:12,Clear,26.76,94
25-08-04 15:43:17,Clear,26.76,94
25-08-04 15:55:59,Clear,26.76,94
25-08-04 16:17:03,Clouds,25.93,89
25-08-04 16:48:27,Clear,24.76,100
25-08-04 17:11:57,Clouds,25.61,93
25-08-04 17:38:22,Clear,24.76,100
25-08-04 17:52:47,Clear,24.76,100
25-08-04 17:59:14,Clear,24.76,100
25-08-04 18:31:28,Clear,24.76,100
25-08-04 18:56:53,Clear,24.76,100
25-08-04 19:15:43,Clear,25.09,92
25-08-04 19:32:05,Clear,24.76,100
25-08-04 19:43:52,Clear,24.76,100
25-08-04 19:50:57,Clear,24.76,100
25-08-04 19:56:49,Clear,24.76,100
25-08-04 20:16:30,Clear,24.89,94
25-08-04 20:40:24,Clear,23.76,100
25-08-04 20:51:33,Clear,23.76,100
25-08-04 20:58:01,Clear,23.76,100
25-08-04 21:16:57,Clear,24.7,95
25-08-04 21:35:08,Clouds,23.76,100
25-08-04 21:46:57,Clouds,23.76,100
25-08-04 21:54:01,Clouds,23.76,100
25-08-04 21:59:59,Clouds,23.76,100
25-08-04 22:22:17,Clouds,24.76,100
25-08-04 22:43:18,Clouds,24.76,100
25-08-04 22:54:37,Clouds,24.76,100
25-08-04 23:09:19,Clouds,24.76,100
25-08-04 23:30:42,Clouds,26.76,89
25-08-04 23:44:14,Clouds,26.76,89
25-08-04 23:52:33,Clouds,26.76,89
25-08-04 23:58:34,Clouds,26.76,89
25-08-05 01:42:15,Clouds,29.76,66
25-08-05 03:27:51,Clouds,32.76,55
25-08-05 04:31:50,Clouds,31.76,58
25-08-05 05:04:20,Clouds,31.76,58
25-08-05 05:38:22,Clouds,31.76,58
25-08-05 05:55:58,Clouds,31.76,58
25-08-05 06:20:47,Clouds,31.93,51
25-08-05 06:53:57,Clouds,31.76,55
25-08-05 07:15:46,Clouds,32.07,56
25-08-05 07:40:21,Clouds,30.76,66
25-08-05 07:51:49,Clouds,30.76,66
25-08-05 07:57:36,Clouds,30.76,66
25-08-05 08:22:59,Clouds,31.71,59
25-08-05 08:49:25,Clouds,30.76,70
25-08-05 09:13:44,Clouds,30.88,60
25-08-05 09:41:34,Clouds,28.76,79
25-08-05 09:55:10,Clouds,28.76,79
25-08-05 10:12:24,Clouds,28.76,79
25-08-05 10:42:35,Clouds,27.76,83
25-08-05 10:56:38,Clouds,27.76,83
25-08-05 11:12:57,Clouds,28.81,73
25-08-05 11:30:34,Clouds,26.76,89
25-08-05 11:43:00,Clouds,26.76,89
25-08-05 11:51:15,Clouds,26.76,89
25-08-05 11:57:17,Clouds,26.76,89
25-08-05 12:33:46,Clouds,26.76,94
25-08-05 13:24:53,Clouds,27.39,82
25-08-05 13:55:51,Clouds,26.76,100
25-08-05 14:17:14,Clouds,26.89,85
25-08-05 14:45:35,Clouds,26.76,100
25-08-05 14:58:51,Clouds,26.76,100
25-08-05 15:22:45,Clouds,26.76,94
25-08-05 15:42:32,Clouds,26.76,94
25-08-05 15:51:49,Clouds,26.76,94
25-08-05 15:57:52,Clouds,26.76,94
25-08-05 16:18:24,Clouds,26.62,86
25-08-05 16:40:56,Clouds,26.76,94
25-08-05 16:54:24,Clouds,26.76,94
25-08-05 17:08:46,Clouds,26.76,94
25-08-05 17:33:39,Clouds,26.76,100
25-08-05 17:49:06,Clouds,26.76,100
25-08-05 17:56:36,Clouds,26.76,100
25-08-05 18:21:46,Clouds,26.3,90
25-08-05 18:53:05,Rain,26.76,100
25-08-05 19:11:46,Rain,26.76,100
25-08-05 19:30:55,Rain,27.76,100
25-08-05 19:43:16,Rain,27.76,100
25-08-05 19:51:20,Clouds,27.76,100
25-08-05 19:57:09,Clouds,27.76,100
25-08-05 20:15:52,Clouds,27.76,100
25-08-05 20:35:43,Mist,27.76,100
25-08-05 20:49:41,Mist,27.76,100
25-08-05 20:57:47,Mist,27.76,100
25-08-05 21:16:29,Mist,27.76,100
25-08-05 21:34:22,Rain,27.76,100
25-08-05 21:46:27,Mist,27.76,100
25-08-05 21:53:12,Mist,27.76,100
25-08-05 21:58:59,Mist,27.76,100
25-08-05 22:19:54,Clouds,26.78,94
25-08-05 22:42:18,Mist,27.76,100
25-08-05 22:54:12,Mist,27.76,100
25-08-05 23:00:21,Mist,27.76,100
25-08-05 23:23:02,Mist,27.78,89
25-08-05 23:38:53,Mist,29.76,94
25-08-05 23:49:53,Mist,29.76,94
25-08-05 23:56:06,Mist,29.76,94
25-08-06 01:03:25,Mist,28.76,100
25-08-06 03:07:07,Clouds,28.76,100
25-08-06 04:11:16,Rain,27.76,100
25-08-06 04:55:02,Rain,27.76,100
25-08-06 05:22:01,Rain,26.76,100
25-08-06 05:49:44,Rain,26.76,100
25-08-06 06:00:40,Rain,26.76,100
25-08-06 06:38:42,Rain,26.76,100
25-08-06 07:01:12,Rain,25.76,100
25-08-06 07:30:01,Clouds,25.76,100
25-08-06 07:47:22,Clouds,25.76,100
25-08-06 07:56:18,Rain,25.76,100
25-08-06 08:18:38,Rain,27.32,93
25-08-06 08:47:44,Clouds,25.76,100
25-08-06 09:03:25,Clouds,25.76,100
25-08-06 09:36:17,Clouds,27.76,89
25-08-06 09:53:37,Clouds,27.76,89
25-08-06 10:00:46,Clouds,27.76,89
25-08-06 10:27:07,Clear,27.76,89
25-08-06 10:48:03,Clear,27.76,89
25-08-06 10:59:04,Clear,27.76,89
25-08-06 11:18:10,Clouds,26.64,92
25-08-06 11:33:18,Clear,25.76,100
25-08-06 11:45:44,Clear,25.76,100
25-08-06 11:52:54,Clear,25.76,100
25-08-06 11:59:01,Clear,25.76,100
25-08-06 12:42:59,Clouds,25.76,100
25-08-06 13:28:59,Clouds,25.76,100
25-08-06 13:58:04,Clouds,25.76,100
25-08-06 14:20:40,Clouds,24.78,100
25-08-06 14:46:48,Clouds,25.76,100
25-08-06 14:59:21,Clouds,25.76,100
25-08-06 15:23:45,Clouds,25.76,100
25-08-06 15:43:21,Clouds,25.76,100
25-08-06 15:54:09,Clouds,25.76,100
25-08-06 16:00:38,Clouds,25.76,100
25-08-06 16:31:57,Clouds,25.76,100
25-08-06 16:55:34,Clouds,25.76,100
25-08-06 17:15:05,Clouds,25.44,97
25-08-06 17:39:18,Clouds,25.76,100
25-08-06 17:52:19,Clouds,25.76,100
25-08-06 17:58:26,Clouds,25.76,100
25-08-06 18:27:07,Clouds,25.76,100
25-08-06 18:52:49,Clouds,25.76,100
25-08-06 19:10:16,Clouds,25.16,97
25-08-06 19:28:47,Clouds,25.16,97
25-08-06 19:40:50,Clouds,24.76,100
25-08-06 19:48:24,Clouds,24.76,100
25-08-06 19:54:31,Clouds,24.76,100
25-08-06 20:10:14,Clouds,25.16,95
25-08-06 20:34:43,Clouds,24.76,100
25-08-06 20:49:18,Clouds,24.76,100
25-08-06 20:57:52,Clouds,24.76,100
25-08-06 21:14:25,Clouds,25.06,96
25-08-06 21:31:30,Clouds,24.76,100
25-08-06 21:44:13,Clouds,24.76,100
25-08-06 21:51:12,Clouds,24.76,100
25-08-06 21:56:56,Clouds,24.76,100
25-08-06 22:14:59,Clouds,24.76,100
25-08-06 22:38:37,Clouds,25.76,100
25-08-06 22:52:02,Clouds,25.76,100
25-08-06 22:57:48,Clouds,25.76,100
25-08-06 23:17:14,Clouds,26.56,93
25-08-06 23:34:29,Clouds,26.76,94
25-08-06 23:46:21,Clouds,26.76,94
25-08-06 23:53:43,Clouds,26.76,94
25-08-06 23:59:50,Clouds,26.76,94
25-08-07 01:55:26,Clouds,28.76,74
25-08-07 03:28:05,Clouds,29.76,62
25-08-07 04:28:30,Clouds,30.76,58
25-08-07 05:01:44,Clouds,30.76,58
25-08-07 05:34:11,Clouds,30.76,58
25-08-07 05:54:05,Clouds,30.76,58
25-08-07 06:14:58,Clear,31.43,47
25-08-07 06:51:30,Clouds,30.76,55
25-08-07 07:13:57,Clear,31.39,52
25-08-07 07:37:25,Clouds,30.76,51
25-08-07 07:50:18,Clouds,30.76,51
25-08-07 07:57:07,Clouds,30.76,51
25-08-07 08:21:22,Clouds,30.76,66
25-08-07 08:48:40,Clouds,30.76,66
25-08-07 09:03:13,Clouds,30.76,66
25-08-07 09:34:54,Clouds,29.76,70
25-08-07 09:51:53,Clouds,29.76,70
25-08-07 09:59:13,Clouds,29.76,70
25-08-07 10:21:58,Clear,28.7,63
25-08-07 10:45:10,Clear,27.76,78
25-08-07 10:56:50,Clear,27.76,78
25-08-07 11:13:34,Clouds,27.36,71
25-08-07 11:30:53,Clear,26.76,78
25-08-07 11:43:21,Clear,26.76,78
25-08-07 11:51:47,Clear,26.76,78
25-08-07 11:57:45,Clear,26.76,78
25-08-07 12:36:26,Clear,25.76,83
25-08-07 13:25:13,Clear,25.76,94
25-08-07 13:54:57,Clear,25.76,94
25-08-07 14:14:13,Clouds,25.54,86
25-08-07 14:42:42,Clear,24.76,100
25-08-07 14:57:02,Clear,24.76,100
25-08-07 15:17:18,Clouds,25.15,88
25-08-07 15:41:11,Clear,23.76,100
25-08-07 15:51:42,Clear,23.76,100
25-08-07 15:58:51,Clear,23.76,100
25-08-07 16:25:55,Clouds,24.65,89
25-08-07 16:49:04,Clear,23.76,100
25-08-07 17:02:29,Clear,23.76,100
25-08-07 17:28:55,Clear,23.76,100
25-08-07 17:46:31,Clear,23.76,100
25-08-07 17:54:57,Clear,23.76,100
25-08-07 18:14:45,Clear,23.76,100
25-08-07 18:49:49,Clear,22.76,100
25-08-07 19:09:21,Clouds,24.1,93
25-08-07 19:27:40,Clear,22.76,100
25-08-07 19:38:03,Clear,22.76,100
25-08-07 19:45:58,Clear,22.76,100
25-08-07 19:52:07,Clear,22.76,100
25-08-07 19:57:50,Clear,22.76,100
25-08-07 20:18:38,Clear,23.89,94
25-08-07 20:40:41,Clear,21.76,100
25-08-07 20:53:15,Clear,21.76,100
25-08-07 20:59:16,Clear,21.76,100
25-08-07 21:18:18,Clear,23.78,95
25-08-07 21:34:19,Clear,21.76,100
25-08-07 21:46:40,Clear,21.76,100
25-08-07 21:53:25,Clear,21.76,100
25-08-07 21:59:29,Clear,21.76,100
25-08-07 22:20:53,Clouds,24.31,93
25-08-07 22:42:11,Clear,24.76,100
25-08-07 22:54:22,Clear,24.76,100
25-08-07 23:00:23,Clear,24.76,100
25-08-07 23:23:00,Clouds,27.76,74
25-08-07 23:38:39,Clouds,27.76,74
25-08-07 23:49:34,Clouds,27.76,74
25-08-07 23:55:59,Clouds,27.76,74
25-08-08 01:02:54,Clear,27.76,74
25-08-08 03:06:22,Clouds,29.76,66
25-08-08 04:10:26,Clouds,30.76,62
25-08-08 04:54:37,Clouds,30.76,66
25-08-08 05:19:32,Clouds,29.76,70
25-08-08 05:47:15,Clouds,29.76,70
25-08-08 05:58:31,Clouds,29.76,70
25-08-08 06:29:54,Clouds,29.76,66
25-08-08 06:57:59,Clouds,29.76,66
25-08-08 07:22:25,Clouds,31.23,56
25-08-08 07:42:01,Clouds,30.76,58
25-08-08 07:51:17,Clouds,30.76,58
25-08-08 07:57:11,Clouds,30.76,58
25-08-08 08:21:15,Clear,29.76,58
25-08-08 08:47:48,Clear,29.76,58
25-08-08 09:02:50,Clear,29.76,58
25-08-08 09:35:03,Clear,28.76,61
25-08-08 09:51:48,Clear,28.76,61
25-08-08 09:58:44,Clear,28.76,61
25-08-08 10:20:38,Clouds,28.78,66
25-08-08 10:44:19,Clear,26.76,74
25-08-08 10:56:17,Clear,26.76,74
25-08-08 11:11:54,Clouds,27.55,73
25-08-08 11:30:35,Clear,25.76,78
25-08-08 11:42:46,Clear,25.76,78
25-08-08 11:50:37,Clear,25.76,78
25-08-08 11:56:44,Clear,25.76,78
25-08-08 12:28:56,Clear,25.76,83
25-08-08 13:12:38,Clear,25.76,83
25-08-08 13:50:09,Clear,24.76,94
25-08-08 14:01:12,Clear,24.76,94
25-08-08 14:26:38,Clear,24.76,100
25-08-08 14:46:17,Clear,24.76,100
25-08-08 14:56:58,Clear,24.76,100
25-08-08 15:15:16,Clouds,25.42,85
25-08-08 15:37:48,Clear,23.76,100
25-08-08 15:51:32,Clear,23.76,100
25-08-08 15:59:31,Clear,23.76,100
25-08-08 16:25:13,Clear,24.76,100
25-08-08 16:44:17,Clear,24.76,100
25-08-08 16:54:57,Clear,24.76,100
25-08-08 17:08:13,Clear,24.76,100
25-08-08 17:28:31,Clouds,24.76,100
25-08-08 17:41:18,Clouds,24.76,100
25-08-08 17:49:12,Clouds,24.76,100
25-08-08 17:55:22,Clouds,24.76,100
25-08-08 18:13:37,Clouds,24.76,100
25-08-08 18:45:03,Clouds,24.76,100
25-08-08 18:58:02,Clouds,24.76,100
25-08-08 19:13:38,Clouds,24.76,100
25-08-08 19:26:03,Clouds,24.76,100
25-08-08 19:33:51,Clouds,24.76,100
25-08-08 19:42:23,Clouds,24.76,100
25-08-08 19:48:37,Clouds,24.76,100
25-08-08 19:54:39,Clouds,24.76,100
25-08-08 20:10:09,Clouds,24.23,89
25-08-08 20:33:14,Clouds,24.76,100
25-08-08 20:46:54,Clouds,24.76,100
25-08-08 20:54:45,Clouds,24.76,100
25-08-08 21:08:09,Clouds,24.76,100
25-08-08 21:28:07,Clouds,24.76,100
25-08-08 21:38:51,Clouds,24.76,100
25-08-08 21:47:01,Clouds,24.76,100
25-08-08 21:52:53,Clouds,24.76,100
25-08-08 21:58:46,Clouds,24.76,100
25-08-08 22:17:26,Clouds,24.76,100
25-08-08 22:38:09,Clouds,24.76,100
25-08-08 22:50:00,Clouds,24.76,100
25-08-08 22:56:00,Clouds,24.76,100
25-08-08 23:11:59,Clouds,24.91,90
25-08-08 23:29:48,Clouds,24.76,100
25-08-08 23:41:05,Clouds,24.76,100
25-08-08 23:48:39,Clouds,24.76,100
25-08-08 23:54:48,Clouds,24.76,100
25-08-09 00:44:10,Clouds,25.76,100
25-08-09 02:29:23,Clouds,25.76,100
25-08-09 03:37:11,Rain,25.76,89
25-08-09 04:04:15,Clouds,25.76,89
25-08-09 04:36:40,Rain,25.76,94
25-08-09 04:53:14,Clear,25.76,94
25-08-09 05:00:45,Clear,25.76,94
25-08-09 05:22:31,Clouds,25.56,80
25-08-09 05:39:56,Clear,25.76,83
25-08-09 05:49:38,Clear,25.76,83
25-08-09 05:55:35,Clear,25.76,83
25-08-09 06:15:16,Clouds,25.89,78
25-08-09 06:45:08,Clear,26.76,74
25-08-09 06:57:20,Clear,26.76,74
25-08-09 07:13:31,Clouds,25.78,78
25-08-09 07:29:26,Clear,26.76,74
25-08-09 07:38:50,Clear,26.76,74
25-08-09 07:45:21,Clear,26.76,74
25-08-09 07:51:24,Clear,26.76,74
25-08-09 07:57:24,Clear,26.76,74
25-08-09 08:18:43,Clouds,25.89,72
25-08-09 08:41:53,Clear,26.76,69
25-08-09 08:54:48,Clear,26.76,69
25-08-09 09:08:59,Clear,26.76,69
25-08-09 09:29:48,Clear,26.76,69
25-08-09 09:41:11,Clear,26.76,69
25-08-09 09:48:06,Clear,26.76,69
25-08-09 09:54:12,Clear,26.76,69
25-08-09 10:00:21,Clear,26.76,69
25-08-09 10:21:55,Clouds,25.91,70
25-08-09 10:40:28,Clear,26.76,74
25-08-09 10:50:27,Clear,26.76,74
25-08-09 10:56:31,Clear,26.76,74
25-08-09 11:10:27,Clouds,24.83,79
25-08-09 11:25:28,Clear,24.76,83
25-08-09 11:33:59,Clear,24.76,83
25-08-09 11:42:31,Clear,24.76,83
25-08-09 11:48:46,Clear,24.76,83
25-08-09 11:54:48,Clear,24.76,83
25-08-09 12:15:39,Clear,23.76,94
25-08-09 12:58:53,Clear,23.76,94
25-08-09 13:27:49,Clear,22.76,100
25-08-09 13:44:41,Clear,22.76,100
25-08-09 13:52:22,Clear,22.76,100
25-08-09 13:58:26,Clear,22.76,100
25-08-09 14:15:39,Clouds,23.12,91
25-08-09 14:33:53,Clear,22.76,94
25-08-09 14:45:59,Clear,22.76,94
25-08-09 14:52:25,Clear,22.76,94
25-08-09 14:58:30,Clear,22.76,94
25-08-09 15:17:10,Clear,22.76,94
25-08-09 15:33:22,Clear,21.76,100
25-08-09 15:44:20,Clear,21.76,100
25-08-09 15:50:44,Clear,21.76,100
25-08-09 15:56:49,Clear,21.76,100
25-08-09 16:15:46,Clouds,22.36,94
25-08-09 16:41:00,Clear,20.76,100
25-08-09 16:53:32,Clear,20.76,100
25-08-09 16:59:27,Clear,20.76,100
25-08-09 17:16:34,Clouds,22.05,93
25-08-09 17:32:37,Clear,20.76,100
25-08-09 17:44:16,Clear,20.76,100
25-08-09 17:50:24,Clear,20.76,100
25-08-09 17:56:37,Clear,20.76,100
25-08-09 18:17:48,Clear,22.25,87
25-08-09 18:44:47,Clear,20.76,100
25-08-09 18:56:22,Clear,20.76,100
25-08-09 19:09:27,Clear,20.76,100
25-08-09 19:23:37,Clear,20.76,100
25-08-09 19:30:15,Clear,20.76,100
25-08-09 19:38:26,Clear,20.76,100
25-08-09 19:44:25,Clear,20.76,100
25-08-09 19:50:30,Clear,20.76,100
25-08-09 19:56:38,Clear,20.76,100
25-08-09 20:13:45,Clear,20.76,100
25-08-09 20:32:50,Clear,19.76,100
25-08-09 20:44:45,Clear,19.76,100
25-08-09 20:52:09,Clear,19.76,100
25-08-09 20:58:12,Clear,19.76,100
25-08-09 21:15:20,Clear,19.76,100
25-08-09 21:30:41,Clear,19.76,100
25-08-09 21:41:04,Clear,19.76,100
25-08-09 21:47:36,Clear,19.76,100
25-08-09 21:53:24,Clear,19.76,100
25-08-09 21:59:22,Clear,19.76,100
25-08-09 22:18:37,Clear,21.79,93
25-08-09 22:38:02,Clear,22.76,100
25-08-09 22:48:51,Clear,22.76,100
25-08-09 22:54:56,Clear,22.76,100
25-08-09 23:08:58,Clear,22.76,100
25-08-09 23:28:14,Clear,24.76,83
25-08-09 23:39:07,Clear,24.76,83
25-08-09 23:47:24,Clear,24.76,83
25-08-09 23:53:40,Clear,24.76,83
25-08-09 23:59:40,Clear,24.76,83
25-08-10 01:55:53,Clear,27.76,65
25-08-10 03:28:38,Clear,29.76,58
25-08-10 04:25:07,Clouds,31.35,53
25-08-10 04:54:56,Clear,30.76,58
25-08-10 05:14:37,Clouds,31.61,50
25-08-10 05:38:53,Clear,30.76,58
25-08-10 05:51:12,Clear,30.76,58
25-08-10 05:57:22,Clear,30.76,58
25-08-10 06:21:20,Clear,31.76,51
25-08-10 06:46:48,Clear,31.76,51
25-08-10 06:58:09,Clear,31.76,51
25-08-10 07:15:09,Clear,31.76,51
25-08-10 07:30:14,Clear,31.76,51
25-08-10 07:39:33,Clear,31.76,51
25-08-10 07:45:21,Clear,31.76,51
25-08-10 07:51:13,Clear,31.76,51
25-08-10 07:57:16,Clear,31.76,51
25-08-10 08:18:43,Clear,31.76,51
25-08-10 08:41:16,Clear,31.76,51
25-08-10 08:53:37,Clear,31.76,51
25-08-10 08:59:36,Clear,31.76,51
25-08-10 09:20:31,Clouds,30.71,53
25-08-10 09:35:06,Clear,30.76,66
25-08-10 09:45:50,Clear,30.76,66
25-08-10 09:51:50,Clear,30.76,66
25-08-10 09:57:53,Clear,30.76,66
25-08-10 10:16:38,Clouds,29.37,58
25-08-10 10:38:53,Clear,27.76,83
25-08-10 10:49:42,Clear,27.76,83
25-08-10 10:55:27,Clear,27.76,83
25-08-10 11:08:23,Clear,27.76,83
25-08-10 11:24:31,Clouds,27.45,70
25-08-10 11:32:57,Clear,26.76,89
25-08-10 11:41:56,Clear,26.76,89
25-08-10 11:48:15,Clear,26.76,89
25-08-10 11:54:03,Clear,26.76,89
25-08-10 11:59:46,Clear,26.76,89
25-08-10 12:40:58,Clear,26.76,89
25-08-10 13:16:41,Clear,25.16,80
25-08-10 13:41:32,Clear,24.76,100
25-08-10 13:50:50,Clear,24.76,100
25-08-10 13:56:57,Clear,24.76,100
25-08-10 14:12:33,Clear,24.76,100
25-08-10 14:32:20,Clear,24.76,100
25-08-10 14:44:48,Clear,24.76,100
25-08-10 14:51:33,Clear,24.76,100
25-08-10 14:57:41,Clear,24.76,100
25-08-10 15:15:15,Clear,24.76,100
25-08-10 15:32:27,Clear,24.76,100
25-08-10 15:43:49,Clear,24.76,100
25-08-10 15:50:43,Clear,24.76,100
25-08-10 15:56:41,Clear,24.76,100
25-08-10 16:15:36,Clear,23.29,90
25-08-10 16:40:43,Clear,23.76,100
25-08-10 16:53:38,Clear,23.76,100
25-08-10 16:59:25,Clear,23.76,100
25-08-10 17:16:14,Clear,23.76,100
25-08-10 17:31:47,Clear,23.76,100
25-08-10 17:43:01,Clear,23.76,100
25-08-10 17:48:55,Clear,23.76,100
25-08-10 17:55:01,Clear,23.76,100
25-08-10 18:12:04,Clouds,23.24,86
25-08-10 18:41:15,Clear,22.76,100
25-08-10 18:54:01,Rain,22.76,100
25-08-10 18:59:57,Rain,22.76,100
25-08-10 19:16:16,Rain,22.76,100
25-08-10 19:26:54,Clear,23.76,100
25-08-10 19:34:40,Clear,23.76,100
25-08-10 19:41:31,Rain,23.76,100
25-08-10 19:47:33,Rain,23.76,100
25-08-10 19:53:52,Rain,23.76,100
25-08-10 19:59:39,Rain,23.76,100
25-08-10 20:21:39,Rain,22.83,92
25-08-10 20:37:55,Rain,23.76,100
25-08-10 20:48:03,Clear,23.76,100
25-08-10 20:54:15,Clear,23.76,100
25-08-10 21:00:15,Clear,23.76,100
25-08-10 21:19:47,Clouds,22.68,93
25-08-10 21:32:36,Clear,23.76,100
25-08-10 21:42:45,Clear,23.76,100
25-08-10 21:49:12,Clear,23.76,100
25-08-10 21:55:25,Clear,23.76,100
25-08-10 22:09:45,Clear,23.76,100
25-08-10 22:32:19,Clear,24.76,100
25-08-10 22:45:36,Clear,24.76,100
25-08-10 22:52:22,Clear,24.76,100
25-08-10 22:58:08,Clear,24.76,100
25-08-10 23:15:53,Clouds,25,90
25-08-10 23:31:27,Clear,25.76,100
25-08-10 23:42:56,Clear,25.76,100
25-08-10 23:50:34,Clear,25.76,100
25-08-10 23:56:50,Clear,25.76,100
25-08-11 01:13:11,Clouds,26.76,94
25-08-11 03:13:29,Clouds,28.76,74
25-08-11 04:12:05,Clouds,27.66,71
25-08-11 04:54:15,Clouds,29.76,66
25-08-11 05:18:08,Clouds,27.74,70
25-08-11 05:45:40,Clouds,29.76,66
25-08-11 05:56:46,Clouds,29.76,66
25-08-11 06:22:59,Clouds,28.76,74
25-08-11 06:53:29,Clouds,28.76,74
25-08-11 07:14:30,Clouds,28.3,70
25-08-11 07:36:12,Clouds,29.76,66
25-08-11 07:48:30,Clouds,29.76,66
25-08-11 07:55:38,Clouds,29.76,66
25-08-11 08:17:35,Clouds,28.83,68
25-08-11 08:46:35,Clouds,29.76,66
25-08-11 09:00:59,Clouds,29.76,66
25-08-11 09:30:35,Clouds,27.76,74
25-08-11 09:48:35,Clouds,27.76,74
25-08-11 09:57:08,Clouds,27.76,74
25-08-11 10:16:47,Clouds,27.13,72
25-08-11 10:42:52,Clouds,27.76,78
25-08-11 10:54:36,Clouds,27.76,78
25-08-11 11:08:56,Clouds,27.76,78
25-08-11 11:27:44,Clouds,26.76,83
25-08-11 11:38:47,Clouds,26.76,83
25-08-11 11:46:30,Clouds,26.76,83
25-08-11 11:52:33,Clouds,26.76,83
25-08-11 11:58:39,Clouds,26.76,83
25-08-11 12:39:41,Clear,24.76,88
25-08-11 13:23:38,Clear,24.76,88
25-08-11 13:52:35,Clear,24.76,88
25-08-11 14:01:25,Clear,24.76,88
25-08-11 14:27:03,Clear,24.76,88
25-08-11 14:46:31,Clear,24.76,88
25-08-11 14:57:05,Clear,24.76,88
25-08-11 15:16:02,Clear,22.91,89
25-08-11 15:37:31,Clear,23.76,100
25-08-11 15:49:58,Clear,23.76,100
25-08-11 15:58:04,Clear,23.76,100
25-08-11 16:21:56,Clear,22.76,100
25-08-11 16:47:15,Clouds,22.76,100
25-08-11 17:00:22,Clouds,22.76,100
25-08-11 17:21:59,Clear,22.01,94
25-08-11 17:40:57,Mist,22.76,100
25-08-11 17:51:25,Mist,22.76,100
25-08-11 17:57:28,Mist,22.76,100
25-08-11 18:23:05,Clear,21.65,93
25-08-11 18:50:08,Mist,22.76,100
25-08-11 19:01:40,Mist,22.76,100
25-08-11 19:22:01,Clear,22.56,95
25-08-11 19:32:50,Mist,20.76,100
25-08-11 19:43:02,Mist,20.76,100
25-08-11 19:49:05,Mist,20.76,100
25-08-11 19:55:04,Mist,20.76,100
25-08-11 20:11:02,Clear,20.76,100
25-08-11 20:31:32,Clear,20.76,100
25-08-11 20:43:46,Mist,20.76,100
25-08-11 20:51:31,Mist,20.76,100
25-08-11 20:57:44,Mist,20.76,100
25-08-11 21:15:06,Mist,20.76,100
25-08-11 21:29:23,Mist,20.76,100
25-08-11 21:39:16,Mist,20.76,100
25-08-11 21:45:51,Mist,20.76,100
25-08-11 21:51:36,Mist,20.76,100
25-08-11 21:57:25,Mist,20.76,100
25-08-11 22:14:31,Mist,20.76,100
25-08-11 22:34:31,Mist,23.76,100
25-08-11 22:46:31,Mist,23.76,100
25-08-11 22:52:41,Mist,23.76,100
25-08-11 22:58:48,Mist,23.76,100
25-08-11 23:16:57,Mist,26.76,78
25-08-11 23:31:36,Clear,26.76,78
25-08-11 23:42:04,Mist,26.76,78
25-08-11 23:48:21,Mist,26.76,78
25-08-11 23:54:14,Mist,26.76,78
25-08-12 00:00:03,Mist,26.76,78
25-08-12 01:45:51,Clear,29.76,54
25-08-12 03:09:04,Clear,30.76,51
25-08-12 03:54:17,Clear,31.76,48
25-08-12 04:16:52,Clouds,30.73,50
25-08-12 04:43:55,Clouds,32.76,43
25-08-12 04:56:23,Clouds,32.76,43
25-08-12 05:13:18,Clouds,32.78,38
25-08-12 05:33:58,Clouds,32.76,46
25-08-12 05:46:18,Clouds,32.76,46
25-08-12 05:52:40,Clouds,32.76,46
25-08-12 05:58:47,Clouds,32.76,46
25-08-12 06:28:39,Clouds,33.76,43
25-08-12 06:52:15,Clouds,33.76,43
25-08-12 07:01:14,Clouds,33.76,43
25-08-12 07:24:49,Clear,34.76,34
25-08-12 07:38:22,Clear,34.76,34
25-08-12 07:46:37,Clear,34.76,34
25-08-12 07:52:43,Clear,34.76,34
25-08-12 07:58:46,Clear,34.76,34
25-08-12 08:25:07,Clouds,32.09,43
25-08-12 08:46:08,Clear,33.76,40
25-08-12 08:59:01,Clear,33.76,40
25-08-12 09:21:35,Clouds,31.36,46
25-08-12 09:39:36,Clear,31.76,45
25-08-12 09:49:42,Clear,31.76,45
25-08-12 09:55:53,Clear,31.76,45
25-08-12 10:12:50,Clouds,30.06,53
25-08-12 10:37:37,Clear,30.76,55
25-08-12 10:50:56,Clear,30.76,55
25-08-12 10:57:09,Clear,30.76,55
25-08-12 11:13:06,Clouds,28.79,61
25-08-12 11:28:15,Clear,28.76,61
25-08-12 11:38:18,Clear,28.76,61
25-08-12 11:45:41,Clear,28.76,61
25-08-12 11:51:51,Clear,28.76,61
25-08-12 11:57:54,Clear,28.76,61
25-08-12 12:34:22,Clear,27.76,65
25-08-12 13:18:03,Clouds,26.72,72
25-08-12 13:47:07,Clear,26.76,74
25-08-12 13:57:25,Clear,26.76,74
25-08-12 14:15:17,Clouds,25.94,77
25-08-12 14:37:40,Clear,25.76,78
25-08-12 14:51:23,Clear,25.76,78
25-08-12 14:57:38,Clear,25.76,78
25-08-12 15:16:43,Clouds,25.68,79
25-08-12 15:36:42,Clear,25.76,83
25-08-12 15:49:04,Clear,25.76,83
25-08-12 15:56:55,Clear,25.76,83
25-08-12 16:17:51,Clouds,25.49,81
25-08-12 16:44:39,Clouds,26.76,78
25-08-12 16:57:39,Clouds,26.76,78
25-08-12 17:15:40,Clouds,25.03,83
25-08-12 17:34:32,Clouds,23.76,100
25-08-12 17:47:29,Clouds,23.76,100
25-08-12 17:54:23,Clouds,23.76,100
25-08-12 18:12:35,Clouds,24.96,81
25-08-12 18:45:29,Clouds,24.76,100
25-08-12 18:58:28,Clouds,24.76,100
25-08-12 19:14:09,Clouds,23.75,91
25-08-12 19:26:59,Clouds,24.76,100
25-08-12 19:35:37,Clouds,24.76,100
25-08-12 19:42:51,Clouds,24.76,100
25-08-12 19:49:05,Clouds,24.76,100
25-08-12 19:54:56,Rain,24.76,100
25-08-12 20:10:19,Rain,24.76,100
25-08-12 20:33:12,Thunderstorm,23.76,100
25-08-12 20:46:04,Thunderstorm,23.76,100
25-08-12 20:54:08,Thunderstorm,23.76,100
25-08-12 21:00:12,Thunderstorm,23.76,100
25-08-12 21:20:07,Thunderstorm,23.76,100
25-08-12 21:33:49,Rain,23.76,100
25-08-12 21:43:54,Rain,23.76,100
25-08-12 21:50:06,Rain,23.76,100
25-08-12 21:56:18,Rain,23.76,100
25-08-12 22:11:51,Rain,23.76,100
25-08-12 22:33:05,Rain,23.76,100
25-08-12 22:45:39,Rain,23.76,100
25-08-12 22:52:05,Rain,23.76,100
25-08-12 22:58:06,Rain,23.76,100
25-08-12 23:15:49,Rain,23.76,100
25-08-12 23:31:11,Rain,24.76,100
25-08-12 23:41:46,Rain,24.76,100
25-08-12 23:48:09,Rain,24.76,100
25-08-12 23:54:09,Rain,24.76,100
25-08-13 00:00:07,Rain,24.76,100
25-08-13 01:48:37,Rain,22.76,100
25-08-13 03:11:47,Rain,23.76,100
25-08-13 03:57:25,Clouds,23.76,100
25-08-13 04:25:49,Rain,25.66,94
25-08-13 04:49:19,Rain,27.76,100
25-08-13 05:00:08,Rain,27.76,100
25-08-13 05:22:09,Rain,26.59,92
25-08-13 05:40:50,Rain,27.76,100
25-08-13 05:51:12,Rain,27.76,100
25-08-13 05:57:16,Rain,27.76,100
25-08-13 06:22:52,Mist,26.78,89
25-08-13 06:49:20,Rain,26.76,100
25-08-13 07:00:29,Rain,26.76,100
25-08-13 07:23:17,Rain,26.78,94
25-08-13 07:38:33,Rain,26.76,100
25-08-13 07:47:51,Rain,26.76,100
25-08-13 07:53:58,Rain,26.76,100
25-08-13 08:00:01,Rain,26.76,100
25-08-13 08:29:36,Clouds,27.76,100
25-08-13 08:51:13,Clouds,26.76,100
25-08-13 09:01:31,Rain,26.76,100
25-08-13 09:28:26,Rain,25.76,100
25-08-13 09:43:50,Rain,25.76,100
25-08-13 09:52:29,Rain,25.76,100
25-08-13 09:58:41,Rain,25.76,100
25-08-13 10:20:18,Rain,24.76,100
25-08-13 10:42:13,Rain,23.76,100
25-08-13 10:53:06,Rain,23.76,100
25-08-13 10:58:53,Rain,23.76,100
25-08-13 11:16:38,Rain,23.76,100
25-08-13 11:30:00,Rain,24.76,100
25-08-13 11:40:36,Rain,24.76,100
25-08-13 11:47:26,Rain,24.76,100
25-08-13 11:53:42,Rain,24.76,100
25-08-13 11:59:57,Rain,24.76,100
25-08-13 12:44:07,Mist,23.76,100
25-08-13 13:23:29,Clouds,23.76,100
25-08-13 13:49:57,Clouds,23.76,100
25-08-13 13:58:55,Rain,23.76,100
25-08-13 14:19:00,Clouds,25.29,97
25-08-13 14:41:15,Clouds,24.76,100
25-08-13 14:53:08,Clouds,24.76,100
25-08-13 14:59:21,Clouds,24.76,100
25-08-13 15:18:08,Clouds,24.76,100
25-08-13 15:32:33,Clouds,24.76,100
25-08-13 15:41:24,Clouds,24.76,100
25-08-13 15:47:13,Clouds,24.76,100
25-08-13 15:53:25,Clouds,24.76,100
25-08-13 15:59:40,Clouds,24.76,100
25-08-13 16:21:42,Clouds,25.1,98
25-08-13 16:41:31,Clouds,24.76,100
25-08-13 16:52:08,Clouds,24.76,100
25-08-13 16:58:14,Clouds,24.76,100
25-08-13 17:13:35,Rain,24.76,100
25-08-13 17:29:21,Rain,24.76,100
25-08-13 17:39:26,Clouds,24.76,100
25-08-13 17:45:27,Clouds,24.76,100
25-08-13 17:51:37,Rain,24.76,100
25-08-13 17:57:32,Rain,24.76,100
25-08-13 18:20:59,Rain,24.76,100
25-08-13 18:46:25,Rain,23.76,100
25-08-13 18:58:19,Rain,23.76,100
25-08-13 19:13:50,Rain,23.76,100
25-08-13 19:27:03,Rain,23.76,100
25-08-13 19:36:04,Rain,23.76,100
25-08-13 19:42:57,Rain,23.76,100
25-08-13 19:49:19,Rain,23.76,100
25-08-13 19:55:32,Rain,23.76,100
25-08-13 20:11:44,Rain,23.76,100
25-08-13 20:33:18,Rain,23.76,100
25-08-13 20:44:40,Rain,23.76,100
25-08-13 20:52:32,Rain,23.76,100
25-08-13 20:58:22,Rain,23.76,100
25-08-13 21:15:53,Rain,23.76,100
25-08-13 21:30:53,Rain,23.76,100
25-08-13 21:41:28,Rain,23.76,100
25-08-13 21:47:59,Rain,23.76,100
25-08-13 21:54:08,Rain,23.76,100
25-08-13 22:00:00,Rain,23.76,100
25-08-13 22:20:11,Rain,23.76,100
25-08-13 22:36:20,Rain,23.76,100
25-08-13 22:46:08,Rain,23.76,100
25-08-13 22:52:17,Rain,23.76,100
25-08-13 22:58:15,Rain,23.76,100
25-08-13 23:16:13,Rain,23.76,100
25-08-13 23:31:42,Rain,24.76,94
25-08-13 23:42:28,Rain,24.76,94
25-08-13 23:48:54,Rain,24.76,94
25-08-13 23:55:00,Rain,24.76,94
25-08-14 00:48:37,Clouds,24.76,100
25-08-14 02:32:11,Rain,24.76,100
25-08-14 03:39:31,Clouds,26.76,100
25-08-14 04:05:26,Clouds,26.76,100
25-08-14 04:37:55,Clouds,26.76,100
25-08-14 04:54:45,Clouds,26.76,100
25-08-14 05:11:23,Clouds,26.76,100
25-08-14 05:34:08,Clouds,25.76,100
25-08-14 05:46:39,Clouds,25.76,100
25-08-14 05:53:16,Clouds,25.76,100
25-08-14 05:59:23,Clouds,25.76,100
25-08-14 06:31:14,Clouds,26.76,100
25-08-14 06:54:55,Clouds,26.76,100
25-08-14 07:12:09,Clouds,27.78,83
25-08-14 07:31:54,Clouds,27.76,94
25-08-14 07:43:06,Clouds,27.76,94
25-08-14 07:49:55,Clouds,27.76,94
25-08-14 07:55:48,Clouds,27.76,94
25-08-14 08:16:21,Clouds,27.78,83
25-08-14 08:44:28,Clouds,26.76,94
25-08-14 08:58:25,Clouds,26.76,94
25-08-14 09:20:42,Clouds,28.46,84
25-08-14 09:40:09,Clouds,26.76,94
25-08-14 09:50:46,Clouds,26.76,94
25-08-14 09:56:57,Clouds,26.76,94
25-08-14 10:15:56,Clouds,27,88
25-08-14 10:41:08,Clouds,25.76,100
25-08-14 10:53:10,Clouds,25.76,100
25-08-14 10:59:15,Clouds,25.76,100
25-08-14 11:17:00,Clouds,25.57,92
25-08-14 11:30:54,Clouds,24.76,100
25-08-14 11:41:34,Clouds,24.76,100
25-08-14 11:48:32,Clouds,24.76,100
25-08-14 11:54:40,Clouds,24.76,100
25-08-14 12:17:27,Clouds,24.76,100
25-08-14 13:05:01,Clouds,24.76,100
25-08-14 13:41:54,Clouds,24.76,100
25-08-14 13:55:57,Clouds,24.76,100
25-08-14 14:11:56,Clouds,24.64,97
25-08-14 14:35:07,Clouds,24.76,100
25-08-14 14:49:25,Clouds,24.76,100
25-08-14 14:56:35,Clouds,24.76,100
25-08-14 15:13:54,Clouds,24.76,100
25-08-14 15:34:34,Clouds,24.76,100
25-08-14 15:47:27,Clouds,24.76,100
25-08-14 15:56:16,Clouds,24.76,100
25-08-14 16:15:38,Clouds,24.76,100
25-08-14 16:43:16,Clouds,24.76,100
25-08-14 16:55:38,Clouds,24.76,100
25-08-14 17:10:36,Clouds,24.2,99
25-08-14 17:32:00,Clouds,23.76,100
25-08-14 17:44:46,Clouds,23.76,100
25-08-14 17:51:27,Clouds,23.76,100
25-08-14 17:57:29,Clouds,23.76,100
25-08-14 18:22:12,Clouds,23.76,100
25-08-14 18:48:43,Clouds,23.76,100
25-08-14 18:59:56,Clouds,23.76,100
25-08-14 19:17:13,Clear,24.29,99
25-08-14 19:26:55,Clouds,23.76,100
25-08-14 19:34:08,Clouds,23.76,100
25-08-14 19:40:08,Clouds,23.76,100
25-08-14 19:46:23,Clouds,23.76,100
25-08-14 19:52:41,Clouds,23.76,100
25-08-14 19:58:40,Clouds,23.76,100
25-08-14 20:20:14,Clouds,23.88,99
25-08-14 20:38:21,Clouds,22.76,100
25-08-14 20:49:13,Clouds,22.76,100
25-08-14 20:55:48,Clouds,22.76,100
25-08-14 21:10:39,Clouds,22.76,100
25-08-14 21:29:12,Clouds,23.76,100
25-08-14 21:40:12,Clouds,23.76,100
25-08-14 21:46:47,Clouds,23.76,100
25-08-14 21:52:54,Clouds,23.76,100
25-08-14 21:58:56,Clouds,23.76,100
25-08-14 22:17:43,Clouds,24.75,98
25-08-14 22:36:41,Clouds,24.76,100
25-08-14 22:47:26,Clouds,24.76,100
25-08-14 22:53:50,Clouds,24.76,100
25-08-14 23:00:03,Clouds,24.76,100
25-08-14 23:20:00,Clouds,25.99,95
25-08-14 23:32:42,Clouds,26.76,100
25-08-14 23:43:17,Clouds,26.76,100
25-08-14 23:49:31,Clouds,26.76,100
25-08-14 23:55:42,Clouds,26.76,100
25-08-15 00:56:14,Clouds,28.76,84
25-08-15 02:47:07,Thunderstorm,24.76,100
25-08-15 03:44:12,Clouds,25.76,94
25-08-15 04:17:03,Clouds,25.76,100
25-08-15 04:44:54,Clouds,25.76,100
25-08-15 04:57:23,Clouds,25.76,100
25-08-15 05:16:08,Clouds,25.76,100
25-08-15 05:36:57,Clouds,28.76,84
25-08-15 05:48:20,Clouds,28.76,84
25-08-15 05:54:32,Clouds,28.76,84
25-08-15 06:13:28,Clouds,28.76,84
25-08-15 06:46:22,Clouds,29.76,84
25-08-15 06:58:44,Clouds,29.76,84
